domain	service	first_seen	last_seen	how	evidence
027168.com	24mail.chacuo.net	2026-10-01	2026-10-01	visit	http://24mail.chacuo.net/
04.tml.waw.pl	adrestymczasowy.pl	2026-10-01	2026-10-01	visit	https://adrestymczasowy.pl/
0815.ru	tempr.email	2026-10-01	2026-10-01	visit	https://tempr.email/en/
10mail.org	dropmail.me	2026-10-01	2026-10-01	visit	https://dropmail.me/api/
1mail.x24hr.com	tempr.email	2026-10-01	2026-10-01	visit	https://tempr.email/en/
1vpn.net	getnada.net	2026-10-01	2026-10-01	visit	https://getnada.net/
206969.xyz	maildrop.cx	2026-10-01	2026-10-01	visit	https://maildrop.cx/api-docs
23.8.dnsabr.com	tempr.email	2026-10-01	2026-10-01	visit	https://tempr.email/en/
25kcreditveo3.io.vn	tinyhost.shop	2026-10-01	2026-10-01	visit	https://tinyhost.shop/api/random-domains/?limit=50
25kg2gveo3.io.vn	tinyhost.shop	2026-10-01	2026-10-01	api	https://tinyhost.shop/api/random-domains/?limit=50
25kmans.io.vn	tinyhost.shop	2026-10-01	2026-10-01	api	https://tinyhost.shop/api/random-domains/?limit=50
25kveo3.io.vn	tinyhost.shop	2026-10-01	2026-10-01	api	https://tinyhost.shop/api/random-domains/?limit=50
45kg2gveo3.io.vn	tinyhost.shop	2026-10-01	2026-10-01	visit	https://tinyhost.shop/api/random-domains/?limit=50
6n9.net	mail.td	2026-10-01	2026-10-01	visit	https://api.mail.td/api/domains
8.dnsabr.com	tempr.email	2026-10-01	2026-10-01	visit	https://tempr.email/en/
888.dns-cloud.net	tempr.email	2026-10-01	2026-10-01	visit	https://tempr.email/en/
9k3r.com	mail.cx	2026-10-01	2026-10-01	visit	https://mail.cx/
a1b2.cloudns.ph	tempr.email	2026-10-01	2026-10-01	visit	https://tempr.email/en/
abematv.com	getnada.net	2026-10-01	2026-10-01	visit	https://getnada.net/
abematv.net	getnada.net	2026-10-01	2026-10-01	visit	https://getnada.net/
abematv.org	getnada.net	2026-10-01	2026-10-01	visit	https://getnada.net/
aceh.cc	getnada.net	2026-10-01	2026-10-01	visit	https://getnada.net/
acucmc.com	lisemala.com	2026-10-01	2026-10-01	visit	https://lisemala.com/
acucmc.com	with.lt	2026-10-01	2026-10-01	visit	https://with.lt/
adult-work.info	tempr.email	2026-10-01	2026-10-01	visit	https://tempr.email/en/
adult.l.cd	tempr.email	2026-10-01	2026-10-01	visit	https://tempr.email/en/
agmbowie.com	tinyhost.shop	2026-10-01	2026-10-01	api	https://tinyhost.shop/api/random-domains/?limit=50
aiaccount.click	tinyhost.shop	2026-10-01	2026-10-01	api	https://tinyhost.shop/api/random-domains/?limit=50
aiemail.studio	mailtemp.uk	2026-10-01	2026-10-01	visit	https://mailtemp.uk/
akunlemah.biz.id	tinyhost.shop	2026-10-01	2026-10-01	visit	https://tinyhost.shop/api/random-domains/?limit=50
anhiqojkaq1.abrdns.com	tinyhost.shop	2026-10-01	2026-10-01	api	https://tinyhost.shop/api/random-domains/?limit=50
anonbox.net	anonbox.net	2026-10-01	2026-10-01	visit	https://anonbox.net/
anversa.com.co	tinyhost.shop	2026-10-01	2026-10-01	visit	https://tinyhost.shop/api/random-domains/?limit=50
any.pink	tempmail.plus	2026-10-01	2026-10-01	visit	https://tempmail.plus/en/
apes-ai.linkpc.net	tinyhost.shop	2026-10-01	2026-10-01	visit	https://tinyhost.shop/api/random-domains/?limit=50
armyspy.com	fakemailgenerator.com	2026-10-01	2026-10-01	visit	https://www.fakemailgenerator.com/
artisballs.dns.army	tempr.email	2026-10-01	2026-10-01	visit	https://tempr.email/en/
artisballs.onthewifi.com	tempr.email	2026-10-01	2026-10-01	visit	https://tempr.email/en/
as10.ddnsfree.com	tempr.email	2026-10-01	2026-10-01	visit	https://tempr.email/en/
asdasd.pl	tmpmail.pl	2026-10-01	2026-10-01	visit	https://tmpmail.pl/
asia-hq.jo3.org	tinyhost.shop	2026-10-01	2026-10-01	visit	https://tinyhost.shop/api/random-domains/?limit=50
asia.dnsabr.com	tempr.email	2026-10-01	2026-10-01	visit	https://tempr.email/en/
axionintellex.shop	tinyhost.shop	2026-10-01	2026-10-01	api	https://tinyhost.shop/api/random-domains/?limit=50
b.cr.cloudns.asia	tempr.email	2026-10-01	2026-10-01	visit	https://tempr.email/en/
bagss.store	mailtemp.net	2026-10-01	2026-10-01	visit	https://mailtemp.net/
baizoto.shop	tinyhost.shop	2026-10-01	2026-10-01	api	https://tinyhost.shop/api/random-domains/?limit=50
bananaspace.shop	duckmail.sbs	2026-10-01	2026-10-01	visit	https://api.duckmail.sbs/domains
bangkabelitung.net	getnada.net	2026-10-01	2026-10-01	visit	https://getnada.net/
bareed.ws	moakt.com	2026-10-01	2026-10-01	visit	https://moakt.com/en/
bbmailku.com	tinyhost.shop	2026-10-01	2026-10-01	api	https://tinyhost.shop/api/random-domains/?limit=50
bccto.cc	rootsh.com	2026-10-01	2026-10-01	visit	https://rootsh.com/
bd.dns-cloud.net	tempr.email	2026-10-01	2026-10-01	visit	https://tempr.email/en/
beatbok.online	tinyhost.shop	2026-10-01	2026-10-01	visit	https://tinyhost.shop/api/random-domains/?limit=50
boom.publicvm.com	tinyhost.shop	2026-10-01	2026-10-01	api	https://tinyhost.shop/api/random-domains/?limit=50
bromail.bond	tempumail.com	2026-10-01	2026-10-01	visit	https://tempumail.com/
bursarazzi.com	mailtemp.uk	2026-10-01	2026-10-01	visit	https://mailtemp.uk/
byom.de	byom.de	2026-10-01	2026-10-01	visit	https://www.byom.de/
candymail.de	spoofmail.de	2026-10-01	2026-10-01	visit	https://spoofmail.de/
canvaspace.shop	duckmail.sbs	2026-10-01	2026-10-01	visit	https://api.duckmail.sbs/domains
caregradeguard.com	emailfake.com	2026-10-01	2026-10-01	page	https://emailfake.com/blog/statistics-of-active-fake-email-domains
careplusmedical.io.vn	tempmail.io.vn	2026-10-01	2026-10-01	visit	https://tempmail.io.vn/
catchmail.io	catchmail.io	2026-10-01	2026-10-01	visit	https://catchmail.io/
cctruyen.com	getnada.net	2026-10-01	2026-10-01	visit	https://getnada.net/
chacuo.net	24mail.chacuo.net	2026-10-01	2026-10-01	visit	http://24mail.chacuo.net/
chauhuy.io.vn	tinyhost.shop	2026-10-01	2026-10-01	visit	https://tinyhost.shop/api/random-domains/?limit=50
chilloliandfii.space	tinyhost.shop	2026-10-01	2026-10-01	visit	https://tinyhost.shop/api/random-domains/?limit=50
chitthi.in	tempmail.plus	2026-10-01	2026-10-01	visit	https://tempmail.plus/en/
connectifyhub.sbs	tinyhost.shop	2026-10-01	2026-10-01	api	https://tinyhost.shop/api/random-domains/?limit=50
copyhome.win	ruu.kr	2026-10-01	2026-10-01	visit	https://ruu.kr/
copypastalove.click	10minutemail.now	2026-10-01	2026-10-01	visit	https://10minutemail.now/
cornhub.my.id	tempr.email	2026-10-01	2026-10-01	visit	https://tempr.email/en/
correostemporales.org	correostemporales.org	2026-10-01	2026-10-01	visit	https://correostemporales.org/
correoweb.pro	correotemporal.es	2026-10-01	2026-10-01	visit	https://correotemporal.es/
cr.cloudns.asia	tempr.email	2026-10-01	2026-10-01	visit	https://tempr.email/en/
cryptoblad.nl	tempinbox.xyz	2026-10-01	2026-10-01	visit	https://www.tempinbox.xyz/
cs.email	cs.email	2026-10-01	2026-10-01	visit	https://cs.email/
cuvox.de	fakemailgenerator.com	2026-10-01	2026-10-01	visit	https://www.fakemailgenerator.com/
d4ngerssquy.info	emailfake.com	2026-10-01	2026-10-01	page	https://emailfake.com/blog/statistics-of-active-fake-email-domains
daftmail.cloud	mail123.click	2026-10-01	2026-10-01	visit	https://mail123.click/
datdonshopee.site	tinyhost.shop	2026-10-01	2026-10-01	api	https://tinyhost.shop/api/random-domains/?limit=50
datprovn.io.vn	tinyhost.shop	2026-10-01	2026-10-01	api	https://tinyhost.shop/api/random-domains/?limit=50
dayrep.com	fakemailgenerator.com	2026-10-01	2026-10-01	visit	https://www.fakemailgenerator.com/
dbwot.com	10minutemail.one	2026-10-01	2026-10-01	visit	https://10minutemail.one/
deinbox.com	cs.email	2026-10-01	2026-10-01	visit	https://cs.email/
deisgn-ai.work.gd	tinyhost.shop	2026-10-01	2026-10-01	visit	https://tinyhost.shop/api/random-domains/?limit=50
depdocla.net	tinyhost.shop	2026-10-01	2026-10-01	api	https://tinyhost.shop/api/random-domains/?limit=50
designhta.work.gd	tinyhost.shop	2026-10-01	2026-10-01	visit	https://tinyhost.shop/api/random-domains/?limit=50
digidaw.qd.je	tempr.email	2026-10-01	2026-10-01	visit	https://tempr.email/en/
disbox.net	moakt.com	2026-10-01	2026-10-01	visit	https://moakt.com/en/
disbox.org	moakt.com	2026-10-01	2026-10-01	visit	https://moakt.com/en/
discard.email	tempr.email	2026-10-01	2026-10-01	visit	https://tempr.email/en/
discardmail.com	tempr.email	2026-10-01	2026-10-01	visit	https://tempr.email/en/
discardmail.de	tempr.email	2026-10-01	2026-10-01	visit	https://tempr.email/en/
disposable.site	cs.email	2026-10-01	2026-10-01	visit	https://cs.email/
disposablemail.dev	disposablemail.app	2026-10-01	2026-10-01	visit	https://disposablemail.app/
ditapi.info	freecustom.email	2026-10-01	2026-10-01	visit	https://www.freecustom.email/api/docs
domsr.fun	tempmailc.com	2026-10-01	2026-10-01	visit	https://tempmailc.com/
double-email.online	delpost.ru	2026-10-01	2026-10-01	visit	https://delpost.ru/ru/change
double-email.ru	delpost.ru	2026-10-01	2026-10-01	visit	https://delpost.ru/ru/change
doublemail.de	spoofmail.de	2026-10-01	2026-10-01	visit	https://spoofmail.de/
dpmurt.my	temp-mail.now	2026-10-01	2026-10-01	visit	https://temp-mail.now/
draughtier.com	tempmail.so	2026-10-01	2026-10-01	visit	https://tempmail.so/
dreamadventure.org	tinyhost.shop	2026-10-01	2026-10-01	visit	https://tinyhost.shop/api/random-domains/?limit=50
drmail.in	moakt.com	2026-10-01	2026-10-01	visit	https://moakt.com/en/
dropmail.me	dropmail.me	2026-10-01	2026-10-01	visit	https://dropmail.me/api/
dropoffs.org	disposablemail.com	2026-10-01	2026-10-01	visit	https://www.disposablemail.com/
duckmail.sbs	duckmail.sbs	2026-10-01	2026-10-01	visit	https://api.duckmail.sbs/domains
dunkos.xyz	etempmail.net	2026-10-01	2026-10-01	visit	https://etempmail.net/
dupru.tech	emailqu.com	2026-10-01	2026-10-01	visit	https://emailqu.com/
dvd.dns-cloud.net	tempr.email	2026-10-01	2026-10-01	visit	https://tempr.email/en/
dvd.dnsabr.com	tempr.email	2026-10-01	2026-10-01	visit	https://tempr.email/en/
dzntn.io.vn	tinyhost.shop	2026-10-01	2026-10-01	api	https://tinyhost.shop/api/random-domains/?limit=50
ease.es	lisemala.com	2026-10-01	2026-10-01	visit	https://lisemala.com/
ease.es	with.lt	2026-10-01	2026-10-01	visit	https://with.lt/
ebelay.com	fakeemail.net	2026-10-01	2026-10-01	visit	https://fakeemail.net/
echoharbor.in	freecustom.email	2026-10-01	2026-10-01	visit	https://www.freecustom.email/en
einrot.com	fakemailgenerator.com	2026-10-01	2026-10-01	visit	https://www.fakemailgenerator.com/
elitehealthmedicalcoms.net	tempmail.io.vn	2026-10-01	2026-10-01	visit	https://tempmail.io.vn/
emailqu.com	emailqu.com	2026-10-01	2026-10-01	visit	https://emailqu.com/
emailtemporaire.com	emailtemporaire.com	2026-10-01	2026-10-01	visit	https://emailtemporaire.com/
emailtemporario.xyz	emailtemporario.net	2026-10-01	2026-10-01	visit	https://emailtemporario.net/
empva1.com	tinyhost.shop	2026-10-01	2026-10-01	visit	https://tinyhost.shop/api/random-domains/?limit=50
end.tw	mail.td	2026-10-01	2026-10-01	visit	https://api.mail.td/api/domains
eu.dns-cloud.net	tempr.email	2026-10-01	2026-10-01	visit	https://tempr.email/en/
eu.dnsabr.com	tempr.email	2026-10-01	2026-10-01	visit	https://tempr.email/en/
evyl.de	txen.de	2026-10-01	2026-10-01	visit	https://txen.de/
fake-box.com	trash-mail.com	2026-10-01	2026-10-01	visit	https://www.trash-mail.com/
farcical.lol	burner.kiwi	2026-10-01	2026-10-01	visit	https://burner.kiwi/
fddf.pl	tmpmail.pl	2026-10-01	2026-10-01	visit	https://tmpmail.pl/
fexbox.org	tempmail.plus	2026-10-01	2026-10-01	visit	https://tempmail.plus/en/
fexpost.com	tempmail.plus	2026-10-01	2026-10-01	visit	https://tempmail.plus/en/
fextemp.com	tempmail.plus	2026-10-01	2026-10-01	visit	https://tempmail.plus/en/
fikus.work.gd	tempr.email	2026-10-01	2026-10-01	visit	https://tempr.email/en/
finishit.space	temp-inbox.me	2026-10-01	2026-10-01	visit	https://temp-inbox.me/
fleckens.hu	fakemailgenerator.com	2026-10-01	2026-10-01	visit	https://www.fakemailgenerator.com/
fluxmo.de	mail1a.de	2026-10-01	2026-10-01	visit	https://www.mail1a.de/
fommie.com	vanishinbox.com	2026-10-01	2026-10-01	visit	https://vanishinbox.com/
fommie.online	vanishinbox.com	2026-10-01	2026-10-01	visit	https://vanishinbox.com/
fommie.store	vanishinbox.com	2026-10-01	2026-10-01	visit	https://vanishinbox.com/
forliion.com	fakemail.net	2026-10-01	2026-10-01	visit	https://www.fakemail.net/
fosil.pro	temp-mail.us	2026-10-01	2026-10-01	visit	https://temp-mail.us/en/
fraudfindez.com	mtempmail.com	2026-10-01	2026-10-01	visit	https://mtempmail.com/
freundin.ru	tempr.email	2026-10-01	2026-10-01	visit	https://tempr.email/en/
from.onmypc.info	tempr.email	2026-10-01	2026-10-01	visit	https://tempr.email/en/
funnymail.de	spoofmail.de	2026-10-01	2026-10-01	visit	https://spoofmail.de/
gamerhive.xyz	lisemala.com	2026-10-01	2026-10-01	visit	https://lisemala.com/
gamerhive.xyz	with.lt	2026-10-01	2026-10-01	visit	https://with.lt/
garanburn.shop	tempm.com	2026-10-01	2026-10-01	visit	https://tempm.com/
getapkfile.com	tempumail.com	2026-10-01	2026-10-01	visit	https://tempumail.com/
getemails.uk	mailtemp.uk	2026-10-01	2026-10-01	visit	https://mailtemp.uk/
getnada.com	getnada.net	2026-10-01	2026-10-01	visit	https://getnada.net/
getnada.email	getnada.net	2026-10-01	2026-10-01	visit	https://getnada.net/
getnada.net	getnada.net	2026-10-01	2026-10-01	visit	https://getnada.net/
getotp.fun	tinyhost.shop	2026-10-01	2026-10-01	visit	https://tinyhost.shop/api/random-domains/?limit=50
gigacalulate.xyz	temp-inbox.me	2026-10-01	2026-10-01	visit	https://temp-inbox.me/
glasswhitehub.com	duckmail.sbs	2026-10-01	2026-10-01	visit	https://api.duckmail.sbs/domains
go2farm.io.vn	tinyhost.shop	2026-10-01	2026-10-01	api	https://tinyhost.shop/api/random-domains/?limit=50
gomail.edu.pl	tempumail.com	2026-10-01	2026-10-01	visit	https://tempumail.com/
graphicedge.io.vn	tinyhost.shop	2026-10-01	2026-10-01	api	https://tinyhost.shop/api/random-domains/?limit=50
graphicedge.site	tinyhost.shop	2026-10-01	2026-10-01	visit	https://tinyhost.shop/api/random-domains/?limit=50
graphiclean.tokyo	tinyhost.shop	2026-10-01	2026-10-01	visit	https://tinyhost.shop/api/random-domains/?limit=50
graphicmen.site	tinyhost.shop	2026-10-01	2026-10-01	api	https://tinyhost.shop/api/random-domains/?limit=50
grr.la	guerrillamail.com	2026-10-01	2026-10-01	visit	https://www.guerrillamail.com/
guerrillamail.biz	guerrillamail.com	2026-10-01	2026-10-01	visit	https://www.guerrillamail.com/
guerrillamail.com	guerrillamail.com	2026-10-01	2026-10-01	visit	https://www.guerrillamail.com/
guerrillamail.de	guerrillamail.com	2026-10-01	2026-10-01	visit	https://www.guerrillamail.com/
guerrillamail.info	guerrillamail.com	2026-10-01	2026-10-01	visit	https://www.guerrillamail.com/
guerrillamail.net	guerrillamail.com	2026-10-01	2026-10-01	visit	https://www.guerrillamail.com/
guerrillamail.org	guerrillamail.com	2026-10-01	2026-10-01	visit	https://www.guerrillamail.com/
guerrillamailblock.com	codecrush.com.br	2026-10-01	2026-10-01	visit	https://codecrush.com.br/ferramentas/email-temporario
guerrillamailblock.com	guerrillamail.com	2026-10-01	2026-10-01	visit	https://www.guerrillamail.com/
gustr.com	fakemailgenerator.com	2026-10-01	2026-10-01	visit	https://www.fakemailgenerator.com/
hailu.publicvm.com	tinyhost.shop	2026-10-01	2026-10-01	visit	https://tinyhost.shop/api/random-domains/?limit=50
haleloya.site	tinyhost.shop	2026-10-01	2026-10-01	visit	https://tinyhost.shop/api/random-domains/?limit=50
haloforge.info	freecustom.email	2026-10-01	2026-10-01	visit	https://www.freecustom.email/en
haloforge.online	freecustom.email	2026-10-01	2026-10-01	visit	https://www.freecustom.email/en
hanghai232.shop	tinyhost.shop	2026-10-01	2026-10-01	api	https://tinyhost.shop/api/random-domains/?limit=50
happyhorsespace.shop	duckmail.sbs	2026-10-01	2026-10-01	visit	https://api.duckmail.sbs/domains
happyteethclinic.io.vn	tempmail.io.vn	2026-10-01	2026-10-01	visit	https://tempmail.io.vn/
harakirimail.com	harakirimail.com	2026-10-01	2026-10-01	visit	https://harakirimail.com/
heartpointmedical.com	tempmail.io.vn	2026-10-01	2026-10-01	visit	https://tempmail.io.vn/
high.edu.pl	temp.tf	2026-10-01	2026-10-01	visit	https://temp.tf/
hightech.jo3.org	tinyhost.shop	2026-10-01	2026-10-01	api	https://tinyhost.shop/api/random-domains/?limit=50
hohohim.com	generator.email	2026-10-01	2026-10-01	visit	https://generator.email/
hotbird.giize.com	tempr.email	2026-10-01	2026-10-01	visit	https://tempr.email/en/
hotboyckdh.shop	tinyhost.shop	2026-10-01	2026-10-01	api	https://tinyhost.shop/api/random-domains/?limit=50
hotboyckdhn55.shop	tinyhost.shop	2026-10-01	2026-10-01	visit	https://tinyhost.shop/api/random-domains/?limit=50
hta.publicvm.com	tinyhost.shop	2026-10-01	2026-10-01	api	https://tinyhost.shop/api/random-domains/?limit=50
hubaiclass.org	duckmail.sbs	2026-10-01	2026-10-01	visit	https://api.duckmail.sbs/domains
hug6roltcw.newmano.store	tinyhost.shop	2026-10-01	2026-10-01	visit	https://tinyhost.shop/api/random-domains/?limit=50
iinboxes.com	1secmail.cc	2026-10-01	2026-10-01	visit	https://www.1secmail.cc/en
imxwe.com	10minutemail.one	2026-10-01	2026-10-01	visit	https://10minutemail.one/
indiamail.org	indiamail.org	2026-10-01	2026-10-01	visit	https://www.indiamail.org/temp-mail
instantbox.live	temp-inbox.me	2026-10-01	2026-10-01	visit	https://temp-inbox.me/
ionq.pl	lisemala.com	2026-10-01	2026-10-01	visit	https://lisemala.com/
ionq.pl	with.lt	2026-10-01	2026-10-01	visit	https://with.lt/
islomfox.ru	tempr.email	2026-10-01	2026-10-01	visit	https://tempr.email/en/
itcompu.com	cs.email	2026-10-01	2026-10-01	visit	https://cs.email/
iuno.fun	tinyhost.shop	2026-10-01	2026-10-01	visit	https://tinyhost.shop/api/random-domains/?limit=50
jadenursery.top	anonymmail.net	2026-10-01	2026-10-01	visit	https://anonymmail.net/pl/temporary-email
jawatengah.net	getnada.net	2026-10-01	2026-10-01	visit	https://getnada.net/
jawatimur.net	getnada.net	2026-10-01	2026-10-01	visit	https://getnada.net/
jet-mail.xyz	correotemporal.es	2026-10-01	2026-10-01	visit	https://correotemporal.es/
jourrapide.com	fakemailgenerator.com	2026-10-01	2026-10-01	visit	https://www.fakemailgenerator.com/
joywavepoint.com	emailfake.com	2026-10-01	2026-10-01	visit	https://emailfake.com/blog/statistics-of-active-fake-email-domains
kakaoemail.kr	emailfake.com	2026-10-01	2026-10-01	visit	https://emailfake.com/
kalimantantimur.net	getnada.net	2026-10-01	2026-10-01	visit	https://getnada.net/
kendev.id.vn	tinyhost.shop	2026-10-01	2026-10-01	visit	https://tinyhost.shop/api/random-domains/?limit=50
kimzavin.shop	tinyhost.shop	2026-10-01	2026-10-01	api	https://tinyhost.shop/api/random-domains/?limit=50
klazbo.com	mailwave.dev	2026-10-01	2026-10-01	visit	https://mailwave.dev/
koes.justdied.com	tempr.email	2026-10-01	2026-10-01	visit	https://tempr.email/en/
kojoball.email	tempmailc.com	2026-10-01	2026-10-01	visit	https://tempmailc.com/
kortazo.email	tempmailc.com	2026-10-01	2026-10-01	visit	https://tempmailc.com/
ktpingprox.id.vn	tinyhost.shop	2026-10-01	2026-10-01	visit	https://tinyhost.shop/api/random-domains/?limit=50
kunseller.top	emailfake.com	2026-10-01	2026-10-01	page	https://emailfake.com/blog/statistics-of-active-fake-email-domains
lakeground.shop	duckmail.sbs	2026-10-01	2026-10-01	visit	https://api.duckmail.sbs/domains
laoia.com	10minutemail.net	2026-10-01	2026-10-01	visit	https://10minutemail.net/
laulund.info	tinyhost.shop	2026-10-01	2026-10-01	api	https://tinyhost.shop/api/random-domains/?limit=50
lechatiao.com	emailfake.com	2026-10-01	2026-10-01	visit	https://emailfake.com/blog/statistics-of-active-fake-email-domains
legendaryseller.com	tinyhost.shop	2026-10-01	2026-10-01	visit	https://tinyhost.shop/api/random-domains/?limit=50
leruvo.icu	tinyhost.shop	2026-10-01	2026-10-01	visit	https://tinyhost.shop/api/random-domains/?limit=50
lifespringhealth.io.vn	tempmail.io.vn	2026-10-01	2026-10-01	visit	https://tempmail.io.vn/
linshiyou.com	linshiyou.com	2026-10-01	2026-10-01	visit	https://linshiyou.com/
linshiyou.com	youxiang.dev	2026-10-01	2026-10-01	visit	https://youxiang.dev/mailbox
liopsacac.shop	tinyhost.shop	2026-10-01	2026-10-01	visit	https://tinyhost.shop/api/random-domains/?limit=50
lonaxter.site	tinyhost.shop	2026-10-01	2026-10-01	api	https://tinyhost.shop/api/random-domains/?limit=50
lumenbay.info	freecustom.email	2026-10-01	2026-10-01	visit	https://www.freecustom.email/en
lumm25k.io.vn	tinyhost.shop	2026-10-01	2026-10-01	visit	https://tinyhost.shop/api/random-domains/?limit=50
lunetra.shop	tinyhost.shop	2026-10-01	2026-10-01	visit	https://tinyhost.shop/api/random-domains/?limit=50
luxury345.com	getnada.net	2026-10-01	2026-10-01	visit	https://getnada.net/
m.cloudns.cl	tempr.email	2026-10-01	2026-10-01	visit	https://tempr.email/en/
mail123.beer	mail123.click	2026-10-01	2026-10-01	visit	https://mail123.click/
mail123.click	mail123.click	2026-10-01	2026-10-01	visit	https://mail123.click/
mail123.cloud	mail123.click	2026-10-01	2026-10-01	visit	https://mail123.click/
mail123.com.br	mail123.click	2026-10-01	2026-10-01	visit	https://mail123.click/
mail123.fr	mail123.click	2026-10-01	2026-10-01	visit	https://mail123.click/
mail123.pro	mail123.click	2026-10-01	2026-10-01	visit	https://mail123.click/
mail123.site	mail123.click	2026-10-01	2026-10-01	visit	https://mail123.click/
mail123box.tech	mail123.click	2026-10-01	2026-10-01	visit	https://mail123.click/
mail1a.de	mail1a.de	2026-10-01	2026-10-01	visit	https://www.mail1a.de/
mail1mail.com	mail123.click	2026-10-01	2026-10-01	visit	https://mail123.click/
mail456.fr	mail123.click	2026-10-01	2026-10-01	visit	https://mail123.click/
mail789.fr	mail123.click	2026-10-01	2026-10-01	visit	https://mail123.click/
mailbox.in.ua	tempmail.plus	2026-10-01	2026-10-01	visit	https://tempmail.plus/en/
mailboxforme.com	tempumail.com	2026-10-01	2026-10-01	visit	https://tempumail.com/
mailcatch.com	mailcatch.com	2026-10-01	2026-10-01	visit	https://mailcatch.com/
maildaft.com	mail123.click	2026-10-01	2026-10-01	visit	https://mail123.click/
maildrop.cc	maildrop.cc	2026-10-01	2026-10-01	visit	https://maildrop.cc/
mailforspam.com	mailforspam.com	2026-10-01	2026-10-01	visit	https://mailforspam.com/
mailinator.com	mailinator.com	2026-10-01	2026-10-01	visit	https://www.mailinator.com/
mailingdragon.com	lisemala.com	2026-10-01	2026-10-01	visit	https://lisemala.com/
mailingdragon.com	with.lt	2026-10-01	2026-10-01	visit	https://with.lt/
mailistry.com	catchmail.io	2026-10-01	2026-10-01	visit	https://catchmail.io/
mailmail.uk	mailtemp.uk	2026-10-01	2026-10-01	visit	https://mailtemp.uk/
mailna.co	mohmal.com	2026-10-01	2026-10-01	visit	https://www.mohmal.com/en
mailna.in	mohmal.com	2026-10-01	2026-10-01	visit	https://www.mohmal.com/en
mailna.me	mohmal.com	2026-10-01	2026-10-01	visit	https://www.mohmal.com/en
mailnesia.com	mailnesia.com	2026-10-01	2026-10-01	visit	https://mailnesia.com/
mailnesia.site	1secmail.cc	2026-10-01	2026-10-01	visit	https://www.1secmail.cc/en
mailnesia.store	1secmail.cc	2026-10-01	2026-10-01	visit	https://www.1secmail.cc/en
mailpoof.com	mailpoof.com	2026-10-01	2026-10-01	visit	https://mailpoof.com/
mailsac.com	mailsac.com	2026-10-01	2026-10-01	visit	https://mailsac.com/
mailshan.com	tempmail.so	2026-10-01	2026-10-01	visit	https://tempmail.so/
mailtemp.fr	mail123.click	2026-10-01	2026-10-01	visit	https://mail123.click/
mailtemp.online	mailtemp.uk	2026-10-01	2026-10-01	visit	https://mailtemp.uk/
mailto.plus	tempmail.plus	2026-10-01	2026-10-01	visit	https://tempmail.plus/en/
mailz.linkpc.net	tempumail.com	2026-10-01	2026-10-01	visit	https://tempumail.com/
makesomestone.shop	duckmail.sbs	2026-10-01	2026-10-01	visit	https://api.duckmail.sbs/domains
maol.2bd.net	tempumail.com	2026-10-01	2026-10-01	visit	https://tempumail.com/
markaihub.shop	duckmail.sbs	2026-10-01	2026-10-01	visit	https://api.duckmail.sbs/domains
markstonehub.org	duckmail.sbs	2026-10-01	2026-10-01	visit	https://api.duckmail.sbs/domains
maya.pw	with.lt	2026-10-01	2026-10-01	visit	https://with.lt/
mehr-bitcoin.de	tempr.email	2026-10-01	2026-10-01	visit	https://tempr.email/en/
melbourne.edu.pl	smailpro.com	2026-10-01	2026-10-01	visit	https://smailpro.com/
merepost.com	tempmail.plus	2026-10-01	2026-10-01	visit	https://tempmail.plus/en/
mffac.com	shenfendaquan.com	2026-10-01	2026-10-01	visit	https://www.shenfendaquan.com/mail/
mikesomelike.shop	duckmail.sbs	2026-10-01	2026-10-01	visit	https://api.duckmail.sbs/domains
minafter.com	minuteinbox.com	2026-10-01	2026-10-01	visit	https://www.minuteinbox.com/
minh1.idhmz.io.vn	tinyhost.shop	2026-10-01	2026-10-01	api	https://tinyhost.shop/api/random-domains/?limit=50
miplo.de	txen.de	2026-10-01	2026-10-01	visit	https://txen.de/
mitraprem.site	email-fake.com	2026-10-01	2026-10-01	visit	https://email-fake.com/
mkvesta.io.vn	tinyhost.shop	2026-10-01	2026-10-01	visit	https://tinyhost.shop/api/random-domains/?limit=50
mm.8.dnsabr.com	tempr.email	2026-10-01	2026-10-01	visit	https://tempr.email/en/
moakt.cc	moakt.com	2026-10-01	2026-10-01	visit	https://moakt.com/en/
moakt.co	moakt.com	2026-10-01	2026-10-01	visit	https://moakt.com/en/
moakt.ws	moakt.com	2026-10-01	2026-10-01	visit	https://moakt.com/en/
modolku.store	tinyhost.shop	2026-10-01	2026-10-01	api	https://tinyhost.shop/api/random-domains/?limit=50
mohmal.im	mohmal.com	2026-10-01	2026-10-01	visit	https://www.mohmal.com/en
mohmal.in	mohmal.com	2026-10-01	2026-10-01	visit	https://www.mohmal.com/en
mohmol.org	mohmol.org	2026-10-01	2026-10-01	visit	https://mohmol.org/
moonstarsun.shop	duckmail.sbs	2026-10-01	2026-10-01	visit	https://api.duckmail.sbs/domains
motion.jo3.org	tinyhost.shop	2026-10-01	2026-10-01	api	https://tinyhost.shop/api/random-domains/?limit=50
mowgli.jungleheart.com	tempr.email	2026-10-01	2026-10-01	visit	https://tempr.email/en/
mozej.com	mohmal.com	2026-10-01	2026-10-01	visit	https://www.mohmal.com/en
msft.cloudns.asia	tempr.email	2026-10-01	2026-10-01	visit	https://tempr.email/en/
mtempmail.com	mtempmail.com	2026-10-01	2026-10-01	visit	https://mtempmail.com/
myerly.com	vanishinbox.com	2026-10-01	2026-10-01	visit	https://vanishinbox.com/
necub.com	tempail.com	2026-10-01	2026-10-01	visit	https://tempail.com/en/
netcom.ws	cs.email	2026-10-01	2026-10-01	visit	https://cs.email/
netflow.info	lisemala.com	2026-10-01	2026-10-01	visit	https://lisemala.com/
netflow.info	with.lt	2026-10-01	2026-10-01	visit	https://with.lt/
nexoriumet.xyz	etempmail.net	2026-10-01	2026-10-01	visit	https://etempmail.net/
niceground.shop	duckmail.sbs	2026-10-01	2026-10-01	visit	https://api.duckmail.sbs/domains
niede.de	txen.de	2026-10-01	2026-10-01	visit	https://txen.de/
nimbusreach.info	freecustom.email	2026-10-01	2026-10-01	visit	https://www.freecustom.email/en
nord.pw	with.lt	2026-10-01	2026-10-01	visit	https://with.lt/
noref.online	mailtemp.uk	2026-10-01	2026-10-01	visit	https://mailtemp.uk/
norengserv.eu.org	tempr.email	2026-10-01	2026-10-01	visit	https://tempr.email/en/
noship.shop	tinyhost.shop	2026-10-01	2026-10-01	visit	https://tinyhost.shop/api/random-domains/?limit=50
novasmiledentalclinic.io.vn	tempmail.io.vn	2026-10-01	2026-10-01	visit	https://tempmail.io.vn/
novasub.click	tinyhost.shop	2026-10-01	2026-10-01	api	https://tinyhost.shop/api/random-domains/?limit=50
now.mefound.com	tempr.email	2026-10-01	2026-10-01	visit	https://tempr.email/en/
nqmo.com	mail.td	2026-10-01	2026-10-01	visit	https://api.mail.td/api/domains
nvqt304.xyz	tinyhost.shop	2026-10-01	2026-10-01	visit	https://tinyhost.shop/api/random-domains/?limit=50
oemailbox.com	mailtemp.uk	2026-10-01	2026-10-01	visit	https://mailtemp.uk/
oemailbox.info	mailtemp.uk	2026-10-01	2026-10-01	visit	https://mailtemp.uk/
oimail.info	mailtemp.uk	2026-10-01	2026-10-01	visit	https://mailtemp.uk/
okmail.p-e.kr	tempr.email	2026-10-01	2026-10-01	visit	https://tempr.email/en/
omgheels.com	tinyhost.shop	2026-10-01	2026-10-01	visit	https://tinyhost.shop/api/random-domains/?limit=50
one-email.online	delpost.ru	2026-10-01	2026-10-01	visit	https://delpost.ru/ru/change
one-email.ru	delpost.ru	2026-10-01	2026-10-01	visit	https://delpost.ru/ru/change
onion.ee.eu.org	tempr.email	2026-10-01	2026-10-01	visit	https://tempr.email/en/
opentrash.com	trash-mail.com	2026-10-01	2026-10-01	visit	https://www.trash-mail.com/
oqqaj.com	10minutemail.one	2026-10-01	2026-10-01	visit	https://10minutemail.one/
orbixacoa.com	tinyhost.shop	2026-10-01	2026-10-01	visit	https://tinyhost.shop/api/random-domains/?limit=50
palaze.cc	tinyhost.shop	2026-10-01	2026-10-01	api	https://tinyhost.shop/api/random-domains/?limit=50
pehol.com	getnada.net	2026-10-01	2026-10-01	visit	https://getnada.net/
penghuan.pro	tempm.com	2026-10-01	2026-10-01	visit	https://tempm.com/
pewpewpewpew.pw	cs.email	2026-10-01	2026-10-01	visit	https://cs.email/
pflege-schoene-haut.de	tempr.email	2026-10-01	2026-10-01	visit	https://tempr.email/en/
phuturemail.com	xeramail.com	2026-10-01	2026-10-01	visit	https://xeramail.com/
pizzanow.sbs	emailfake.com	2026-10-01	2026-10-01	page	https://emailfake.com/blog/statistics-of-active-fake-email-domains
pokemail.net	guerrillamail.com	2026-10-01	2026-10-01	visit	https://www.guerrillamail.com/
pooj.de	txen.de	2026-10-01	2026-10-01	visit	https://txen.de/
post-shift.ru	post-shift.ru	2026-10-01	2026-10-01	visit	https://post-shift.ru/
postbox.cyou	spambox.xyz	2026-10-01	2026-10-01	visit	https://spambox.xyz/
postshift.ru	post-shift.ru	2026-10-01	2026-10-01	visit	https://post-shift.ru/
primevista.it.com	etempmail.net	2026-10-01	2026-10-01	visit	https://etempmail.net/
pro.jejes.net	tinyhost.shop	2026-10-01	2026-10-01	visit	https://tinyhost.shop/api/random-domains/?limit=50
prvsv.com	mailtemp.net	2026-10-01	2026-10-01	visit	https://mailtemp.net/
psai.run.place	tinyhost.shop	2026-10-01	2026-10-01	api	https://tinyhost.shop/api/random-domains/?limit=50
psovv.com	10minutemail.one	2026-10-01	2026-10-01	visit	https://10minutemail.one/
ptruyen.com	getnada.net	2026-10-01	2026-10-01	visit	https://getnada.net/
puppetmail.de	spoofmail.de	2026-10-01	2026-10-01	visit	https://spoofmail.de/
pw.8.dnsabr.com	tempr.email	2026-10-01	2026-10-01	visit	https://tempr.email/en/
pw.epac.to	tempr.email	2026-10-01	2026-10-01	visit	https://tempr.email/en/
qabq.com	mail.td	2026-10-01	2026-10-01	visit	https://api.mail.td/api/domains
qualbo.com	mailwave.dev	2026-10-01	2026-10-01	visit	https://mailwave.dev/
quangnguyenmmo.io.vn	tempmail.io.vn	2026-10-01	2026-10-01	visit	https://tempmail.io.vn/
qweqwe.pl	tmpmail.pl	2026-10-01	2026-10-01	visit	https://tmpmail.pl/
r2money.io.vn	tinyhost.shop	2026-10-01	2026-10-01	visit	https://tinyhost.shop/api/random-domains/?limit=50
radeshop.com	mailwave.dev	2026-10-01	2026-10-01	visit	https://mailwave.dev/
re-gister.com	trash-mail.com	2026-10-01	2026-10-01	visit	https://www.trash-mail.com/
realize.edu.pl	vanishinbox.com	2026-10-01	2026-10-01	visit	https://vanishinbox.com/
reason.edu.pl	vanishinbox.com	2026-10-01	2026-10-01	visit	https://vanishinbox.com/
remind.edu.pl	vanishinbox.com	2026-10-01	2026-10-01	visit	https://vanishinbox.com/
riau.net	getnada.net	2026-10-01	2026-10-01	visit	https://getnada.net/
robothandcook.cfd	tinyhost.shop	2026-10-01	2026-10-01	visit	https://tinyhost.shop/api/random-domains/?limit=50
rover.info	tempmail.plus	2026-10-01	2026-10-01	visit	https://tempmail.plus/en/
ruu.kr	ruu.kr	2026-10-01	2026-10-01	visit	https://ruu.kr/
s0ny.net	tempr.email	2026-10-01	2026-10-01	visit	https://tempr.email/en/
sasd.newmano.store	tinyhost.shop	2026-10-01	2026-10-01	visit	https://tinyhost.shop/api/random-domains/?limit=50
seedancespace.shop	duckmail.sbs	2026-10-01	2026-10-01	visit	https://api.duckmail.sbs/domains
seler25k.io.vn	tinyhost.shop	2026-10-01	2026-10-01	api	https://tinyhost.shop/api/random-domains/?limit=50
seokey.org	getnada.net	2026-10-01	2026-10-01	visit	https://getnada.net/
sexy.camdvr.org	tempr.email	2026-10-01	2026-10-01	visit	https://tempr.email/en/
sharklasers.com	guerrillamail.com	2026-10-01	2026-10-01	visit	https://www.guerrillamail.com/
shit.dns-cloud.net	tempr.email	2026-10-01	2026-10-01	visit	https://tempr.email/en/
shit.dnsabr.com	tempr.email	2026-10-01	2026-10-01	visit	https://tempr.email/en/
shopempva11.com	tinyhost.shop	2026-10-01	2026-10-01	api	https://tinyhost.shop/api/random-domains/?limit=50
shopld.linkpc.net	tinyhost.shop	2026-10-01	2026-10-01	api	https://tinyhost.shop/api/random-domains/?limit=50
singleuseemail.site	1secmail.cc	2026-10-01	2026-10-01	visit	https://www.1secmail.cc/en
skyrt.de	txen.de	2026-10-01	2026-10-01	visit	https://txen.de/
smashmail.de	tempr.email	2026-10-01	2026-10-01	visit	https://tempr.email/en/
smser.net	smailpro.com	2026-10-01	2026-10-01	visit	https://smailpro.com/
socialpulse.casa	tinyhost.shop	2026-10-01	2026-10-01	visit	https://tinyhost.shop/api/random-domains/?limit=50
somestoneair.shop	duckmail.sbs	2026-10-01	2026-10-01	visit	https://api.duckmail.sbs/domains
soul-association.com	emailfake.com	2026-10-01	2026-10-01	page	https://emailfake.com/blog/statistics-of-active-fake-email-domains
spacezin.space	tinyhost.shop	2026-10-01	2026-10-01	api	https://tinyhost.shop/api/random-domains/?limit=50
spam.ceo	tempr.email	2026-10-01	2026-10-01	visit	https://tempr.email/en/
spam4.me	guerrillamail.com	2026-10-01	2026-10-01	visit	https://www.guerrillamail.com/
spambog.com	tempr.email	2026-10-01	2026-10-01	visit	https://tempr.email/en/
spambog.de	tempr.email	2026-10-01	2026-10-01	visit	https://tempr.email/en/
spambog.ru	tempr.email	2026-10-01	2026-10-01	visit	https://tempr.email/en/
spambox.xyz	spambox.xyz	2026-10-01	2026-10-01	visit	https://spambox.xyz/
spammer.fail	cs.email	2026-10-01	2026-10-01	visit	https://cs.email/
spammy.host	cs.email	2026-10-01	2026-10-01	visit	https://cs.email/
spamthis.network	cs.email	2026-10-01	2026-10-01	visit	https://cs.email/
spoofmail.de	spoofmail.de	2026-10-01	2026-10-01	visit	https://spoofmail.de/
spoofmail.es	spoofmail.de	2026-10-01	2026-10-01	visit	https://spoofmail.de/
spoofmail.fr	spoofmail.de	2026-10-01	2026-10-01	visit	https://spoofmail.de/
sqlcompiler.info	freecustom.email	2026-10-01	2026-10-01	visit	https://www.freecustom.email/en
ssl.tls.cloudns.asia	tempr.email	2026-10-01	2026-10-01	visit	https://tempr.email/en/
stoneground.shop	duckmail.sbs	2026-10-01	2026-10-01	visit	https://api.duckmail.sbs/domains
stonesinwater.com	tinyhost.shop	2026-10-01	2026-10-01	api	https://tinyhost.shop/api/random-domains/?limit=50
storegmail.net	smailpro.com	2026-10-01	2026-10-01	visit	https://smailpro.com/
sugtbt.com	mail.td	2026-10-01	2026-10-01	visit	https://api.mail.td/api/domains
sulawesiselatan.net	getnada.net	2026-10-01	2026-10-01	visit	https://getnada.net/
sumaterabarat.net	getnada.net	2026-10-01	2026-10-01	visit	https://getnada.net/
sumaterautara.net	getnada.net	2026-10-01	2026-10-01	visit	https://getnada.net/
sunmoonlight.shop	duckmail.sbs	2026-10-01	2026-10-01	visit	https://api.duckmail.sbs/domains
sunstarmoon.shop	duckmail.sbs	2026-10-01	2026-10-01	visit	https://api.duckmail.sbs/domains
superrito.com	fakemailgenerator.com	2026-10-01	2026-10-01	visit	https://www.fakemailgenerator.com/
supportorganization.online	tinyhost.shop	2026-10-01	2026-10-01	api	https://tinyhost.shop/api/random-domains/?limit=50
sute.jp	sute.jp	2026-10-01	2026-10-01	visit	https://sute.jp/
swap.name.ng	tinyhost.shop	2026-10-01	2026-10-01	visit	https://tinyhost.shop/api/random-domains/?limit=50
sweetxxx.de	tempr.email	2026-10-01	2026-10-01	visit	https://tempr.email/en/
sydney.edu.pl	smailpro.com	2026-10-01	2026-10-01	visit	https://smailpro.com/
t.woeishyang.com	tempr.email	2026-10-01	2026-10-01	visit	https://tempr.email/en/
taikhoankiro.pro	tinyhost.shop	2026-10-01	2026-10-01	visit	https://tinyhost.shop/api/random-domains/?limit=50
talkmatrix.study	tinyhost.shop	2026-10-01	2026-10-01	visit	https://tinyhost.shop/api/random-domains/?limit=50
tbolt.fun	tempzap.com	2026-10-01	2026-10-01	visit	https://tempzap.com/
techblast.ch	cs.email	2026-10-01	2026-10-01	visit	https://cs.email/
teleworm.us	fakemailgenerator.com	2026-10-01	2026-10-01	visit	https://www.fakemailgenerator.com/
tembusselalu.biz.id	tinyhost.shop	2026-10-01	2026-10-01	api	https://tinyhost.shop/api/random-domains/?limit=50
teml.net	moakt.com	2026-10-01	2026-10-01	visit	https://moakt.com/en/
temp-mail.app	temp-mail.app	2026-10-01	2026-10-01	visit	https://temp-mail.app/
tempinbox.xyz	tempinbox.xyz	2026-10-01	2026-10-01	visit	https://www.tempinbox.xyz/
tempmail.giize.com	tempr.email	2026-10-01	2026-10-01	visit	https://tempr.email/en/
tempmail.io.vn	tempmail.io.vn	2026-10-01	2026-10-01	visit	https://tempmail.io.vn/
tempmail.ro	tempmail.ro	2026-10-01	2026-10-01	visit	https://tempmail.ro/
tempmail.win	spambox.xyz	2026-10-01	2026-10-01	visit	https://spambox.xyz/
tempmaila.com	tempumail.com	2026-10-01	2026-10-01	visit	https://tempumail.com/
tempmailspot.com	tempmailspot.com	2026-10-01	2026-10-01	visit	https://tempmailspot.com/
tempomail.id	tempomail.id	2026-10-01	2026-10-01	visit	https://tempomail.id/en/
tempr.email	tempr.email	2026-10-01	2026-10-01	visit	https://tempr.email/en/
tempumail.cv	tempumail.com	2026-10-01	2026-10-01	visit	https://tempumail.com/
tester2341.great-site.net	tempr.email	2026-10-01	2026-10-01	visit	https://tempr.email/en/
thanhnhontienbao.com	tinyhost.shop	2026-10-01	2026-10-01	visit	https://tinyhost.shop/api/random-domains/?limit=50
thepiratebay.cloud	tempinbox.xyz	2026-10-01	2026-10-01	visit	https://www.tempinbox.xyz/
thiencobattu.io.vn	tempmail.io.vn	2026-10-01	2026-10-01	visit	https://tempmail.io.vn/
thuha99.com	tempm.com	2026-10-01	2026-10-01	visit	https://tempm.com/
tls.cloudns.asia	tempr.email	2026-10-01	2026-10-01	visit	https://tempr.email/en/
tm.cloud-ip.cc	tempr.email	2026-10-01	2026-10-01	visit	https://tempr.email/en/
tmail.ws	moakt.com	2026-10-01	2026-10-01	visit	https://moakt.com/en/
tmails.net	moakt.com	2026-10-01	2026-10-01	visit	https://moakt.com/en/
tmpbox.net	moakt.com	2026-10-01	2026-10-01	visit	https://moakt.com/en/
tmpeml.com	moakt.com	2026-10-01	2026-10-01	visit	https://moakt.com/en/
tmpmail.net	moakt.com	2026-10-01	2026-10-01	visit	https://moakt.com/en/
tmpmail.org	moakt.com	2026-10-01	2026-10-01	visit	https://moakt.com/en/
totallynotfake.net	cs.email	2026-10-01	2026-10-01	visit	https://cs.email/
tozya.com	tempmail.net	2026-10-01	2026-10-01	visit	https://tempmail.net/
trandigabapoe.shop	tinyhost.shop	2026-10-01	2026-10-01	api	https://tinyhost.shop/api/random-domains/?limit=50
trap-mail.de	tempr.email	2026-10-01	2026-10-01	visit	https://tempr.email/en/
trash-mail.com	trash-mail.com	2026-10-01	2026-10-01	visit	https://www.trash-mail.com/
trash-me.com	trash-mail.com	2026-10-01	2026-10-01	visit	https://www.trash-mail.com/
trashmail.top	spambox.xyz	2026-10-01	2026-10-01	visit	https://spambox.xyz/
trashmailr.com	tempr.email	2026-10-01	2026-10-01	visit	https://tempr.email/en/
tuyenchau.online	tinyhost.shop	2026-10-01	2026-10-01	api	https://tinyhost.shop/api/random-domains/?limit=50
tuyenchau.site	tinyhost.shop	2026-10-01	2026-10-01	visit	https://tinyhost.shop/api/random-domains/?limit=50
tuyenhuy.site	tinyhost.shop	2026-10-01	2026-10-01	visit	https://tinyhost.shop/api/random-domains/?limit=50
txen.de	txen.de	2026-10-01	2026-10-01	visit	https://txen.de/
uberip.com	bareidmo.netlify.app	2026-10-01	2026-10-01	visit	https://api.mail.tm/domains
uberip.com	mail.tm	2026-10-01	2026-10-01	visit	https://api.mail.tm/domains
uberip.com	mikiya-webdesign.com	2026-10-01	2026-10-01	visit	https://mikiya-webdesign.com/email/
uberip.com	temp-mail.ru	2026-10-01	2026-10-01	visit	https://api.mail.tm/domains
ukmail.online	mailtemp.uk	2026-10-01	2026-10-01	visit	https://mailtemp.uk/
ultralux.io.vn	tinyhost.shop	2026-10-01	2026-10-01	visit	https://tinyhost.shop/api/random-domains/?limit=50
umairkhan.online	emailfake.com	2026-10-01	2026-10-01	visit	https://emailfake.com/blog/statistics-of-active-fake-email-domains
unitmail.info	mailtemp.uk	2026-10-01	2026-10-01	visit	https://mailtemp.uk/
unitmail.site	mailtemp.uk	2026-10-01	2026-10-01	visit	https://mailtemp.uk/
uorak.com	invertexto.com	2026-10-01	2026-10-01	visit	https://www.invertexto.com/gerador-email-temporario
us-pt.top	generator.email	2026-10-01	2026-10-01	visit	https://generator.email/
uuf.me	mail.td	2026-10-01	2026-10-01	visit	https://api.mail.td/api/domains
veo33.io.vn	tinyhost.shop	2026-10-01	2026-10-01	api	https://tinyhost.shop/api/random-domains/?limit=50
vercelspace.shop	duckmail.sbs	2026-10-01	2026-10-01	visit	https://api.duckmail.sbs/domains
vidtikit.site	tempzap.com	2026-10-01	2026-10-01	visit	https://tempzap.com/
viettravel.io.vn	tinyhost.shop	2026-10-01	2026-10-01	visit	https://tinyhost.shop/api/random-domains/?limit=50
villatogel.com	getnada.net	2026-10-01	2026-10-01	visit	https://getnada.net/
vregion.ru	emailfake.com	2026-10-01	2026-10-01	visit	https://emailfake.com/blog/statistics-of-active-fake-email-domains
wegwerfemail.de	muellmail.com	2026-10-01	2026-10-01	visit	https://www.wegwerfemail.de/
wellpointmedical.io.vn	tempmail.io.vn	2026-10-01	2026-10-01	visit	https://tempmail.io.vn/
whoopza.org	vanishinbox.com	2026-10-01	2026-10-01	visit	https://vanishinbox.com/
whoopza.store	vanishinbox.com	2026-10-01	2026-10-01	visit	https://vanishinbox.com/
withu.me	with.lt	2026-10-01	2026-10-01	visit	https://with.lt/
wsym.de	txen.de	2026-10-01	2026-10-01	visit	https://txen.de/
xcucngon.site	tinyhost.shop	2026-10-01	2026-10-01	visit	https://tinyhost.shop/api/random-domains/?limit=50
xeramail.com	xeramail.com	2026-10-01	2026-10-01	visit	https://xeramail.com/
xghff.com	10minutemail.one	2026-10-01	2026-10-01	visit	https://10minutemail.one/
xolic.me	emailfake.com	2026-10-01	2026-10-01	visit	https://emailfake.com/blog/statistics-of-active-fake-email-domains
xrap.de	txen.de	2026-10-01	2026-10-01	visit	https://txen.de/
yermail.net	cs.email	2026-10-01	2026-10-01	visit	https://cs.email/
yeummo.io.vn	tinyhost.shop	2026-10-01	2026-10-01	visit	https://tinyhost.shop/api/random-domains/?limit=50
ygwpr.com	10minutemail.one	2026-10-01	2026-10-01	visit	https://10minutemail.one/
yopmail.com	yopmail.com	2026-10-01	2026-10-01	visit	https://yopmail.com/en/
you-spam.com	trash-mail.com	2026-10-01	2026-10-01	visit	https://www.trash-mail.com/
yourrmail.info	mailtemp.uk	2026-10-01	2026-10-01	visit	https://mailtemp.uk/
youxiang.dev	linshiyou.com	2026-10-01	2026-10-01	visit	https://linshiyou.com/
youxiang.dev	youxiang.dev	2026-10-01	2026-10-01	visit	https://youxiang.dev/mailbox
ytfetcher.site	tempzap.com	2026-10-01	2026-10-01	visit	https://tempzap.com/
yx.dns-cloud.net	tempr.email	2026-10-01	2026-10-01	visit	https://tempr.email/en/
yyds.dev	vip.215.im	2026-10-01	2026-10-01	visit	https://vip.215.im/
zacaos.com	fakeemail.net	2026-10-01	2026-10-01	visit	https://fakeemail.net/
zalesie.net.pl	tinyhost.shop	2026-10-01	2026-10-01	visit	https://tinyhost.shop/api/random-domains/?limit=50
zeah.de	txen.de	2026-10-01	2026-10-01	visit	https://txen.de/
zegt.de	txen.de	2026-10-01	2026-10-01	visit	https://txen.de/
zellio.yachts	tinyhost.shop	2026-10-01	2026-10-01	visit	https://tinyhost.shop/api/random-domains/?limit=50
zeppost.com	catchmail.io	2026-10-01	2026-10-01	visit	https://catchmail.io/
zmail.edu.pl	tempumail.com	2026-10-01	2026-10-01	visit	https://tempumail.com/
zoomail.cyou	tempumail.com	2026-10-01	2026-10-01	visit	https://tempumail.com/
zub.edu.pl	mtempmail.com	2026-10-01	2026-10-01	visit	https://mtempmail.com/
zunexor.com	throwinbox.com	2026-10-01	2026-10-01	visit	https://throwinbox.com/en
