domain	host	checked
0-30-24.com	Google Workspace	2026-10-01
0058.ru	Google Workspace	2026-10-01
01g.cloud	Google Workspace	2026-10-01
1-8.biz	Proton	2026-10-01
10dkmail.net	Google Workspace	2026-10-01
10mi.org	Google Workspace	2026-10-01
1upserve.com	Google Workspace	2026-10-01
2012-2016.ru	Google Workspace	2026-10-01
24hbanner.com	Google Workspace	2026-10-01
29296819.xyz	Zoho	2026-10-01
331main.com	Microsoft 365	2026-10-01
4nmv.ru	Google Workspace	2026-10-01
5ymail.com	Google Workspace	2026-10-01
6mail.cc	Google Workspace	2026-10-01
7nation.com	Google Workspace	2026-10-01
99-brand.com	Google Workspace	2026-10-01
aappr.lat	Google Workspace	2026-10-01
aaronlittles.com	Microsoft 365	2026-10-01
abvent.com	Google Workspace	2026-10-01
accentri.com	Microsoft 365	2026-10-01
acebabe.com	Google Workspace	2026-10-01
acentri.com	Google Workspace	2026-10-01
acmenet.org	Google Workspace	2026-10-01
acne.com	Microsoft 365	2026-10-01
acornautism.com	Microsoft 365	2026-10-01
actualizaweb.com	Google Workspace	2026-10-01
adilub.com	Google Workspace	2026-10-01
adiq.eu	Microsoft 365	2026-10-01
adverstudio.com	Microsoft 365	2026-10-01
advorta.com	Google Workspace	2026-10-01
aeliatinos.com	Zoho	2026-10-01
affiliatenova.com	Google Workspace	2026-10-01
afg-lca.com	Microsoft 365	2026-10-01
afun.com	Microsoft 365	2026-10-01
agpb.com	Microsoft 365	2026-10-01
agsmechanicalinc.com	Microsoft 365	2026-10-01
ahdrone.com	Google Workspace	2026-10-01
aircapitol.net	Microsoft 365	2026-10-01
airg.app	Google Workspace	2026-10-01
airhue.com	Google Workspace	2026-10-01
airsi.de	Microsoft 365	2026-10-01
airsuspension.com	Microsoft 365	2026-10-01
alarmsysteem.online	Microsoft 365	2026-10-01
alburov.com	Google Workspace	2026-10-01
aldeyaa.ae	Microsoft 365	2026-10-01
alexpeattie.com	Google Workspace	2026-10-01
aliban.org	Google Workspace	2026-10-01
allen.nom.za	Zoho	2026-10-01
allhostguide.com	Microsoft 365	2026-10-01
allsuperinfo.com	Microsoft 365	2026-10-01
alphaneutron.com	Google Workspace	2026-10-01
alvinneo.com	Microsoft 365	2026-10-01
anaf.com	Google Workspace	2026-10-01
analyticauto.com	Google Workspace	2026-10-01
antiaginggames.com	Google Workspace	2026-10-01
anuva.lat	Google Workspace	2026-10-01
aoll.com	Google Workspace	2026-10-01
apilasansor.com	Google Workspace	2026-10-01
apixy.sbs	Microsoft 365	2026-10-01
apleo.com	Google Workspace	2026-10-01
apollosclouds.com	Google Workspace	2026-10-01
appefforts.com	Zoho	2026-10-01
apptova.com	Google Workspace	2026-10-01
aprinta.com	Microsoft 365	2026-10-01
apriver.ru	Google Workspace	2026-10-01
aramail.com	Google Workspace	2026-10-01
arcticside.com	Google Workspace	2026-10-01
arizonablogging.com	Microsoft 365	2026-10-01
arknet.tech	iCloud	2026-10-01
arlenedunkley-wood.co.uk	Google Workspace	2026-10-01
arrels.info	Google Workspace	2026-10-01
artdrip.com	Google Workspace	2026-10-01
arzmail.com	Google Workspace	2026-10-01
asbeauty.com	Microsoft 365	2026-10-01
aseq.com	Microsoft 365	2026-10-01
asianbeauty.app	Google Workspace	2026-10-01
asklexi.com	iCloud	2026-10-01
aspotgmail.org	Fastmail	2026-10-01
atsw.de	Microsoft 365	2026-10-01
aureliajobs.com	Google Workspace	2026-10-01
awewallet.com	Google Workspace	2026-10-01
ayurvedayogashram.com	Google Workspace	2026-10-01
ayzah.com	Google Workspace	2026-10-01
azcomputerworks.com	Google Workspace	2026-10-01
azulaomarine.com	Google Workspace	2026-10-01
backlink.mygbiz.com	Google Workspace	2026-10-01
backyardduty.com	Google Workspace	2026-10-01
badgerland.eu	Zoho	2026-10-01
balaway.com	Google Workspace	2026-10-01
bandcalledmill.com	Google Workspace	2026-10-01
bareface.social	Google Workspace	2026-10-01
bartdevos.be	Google Workspace	2026-10-01
baseflowpro.com	Microsoft 365	2026-10-01
battey.me	iCloud	2026-10-01
bbox.com	Microsoft 365	2026-10-01
belt.io	Microsoft 365	2026-10-01
berdeen.com	Google Workspace	2026-10-01
bestofironcounty.com	Google Workspace	2026-10-01
bethlehemcenter.org	Microsoft 365	2026-10-01
beyondsightfoundation.org	Google Workspace	2026-10-01
bgob.com	Microsoft 365	2026-10-01
bidcoin.cash	Google Workspace	2026-10-01
bigrocksolutions.com	Microsoft 365	2026-10-01
bilderbergmeetings.org	Microsoft 365	2026-10-01
billythekids.com	Google Workspace	2026-10-01
binbx.net	Microsoft 365	2026-10-01
binge.com	Google Workspace	2026-10-01
binhtichap.com.vn	Zoho	2026-10-01
birecruit.com	Google Workspace	2026-10-01
blank.com	Google Workspace	2026-10-01
blnkt.net	Google Workspace	2026-10-01
blox.eu	Google Workspace	2026-10-01
bluefishpond.com	Google Workspace	2026-10-01
bluesitecare.com	Google Workspace	2026-10-01
bold.ovh	Google Workspace	2026-10-01
booki.space	Google Workspace	2026-10-01
bookings.onl	Zoho	2026-10-01
bopunkten.se	Google Workspace	2026-10-01
boredlion.com	Google Workspace	2026-10-01
bosdal.com	Google Workspace	2026-10-01
bossless.net	Google Workspace	2026-10-01
bouncr.com	Google Workspace	2026-10-01
bovinaisd.net	Google Workspace	2026-10-01
bpsv.com	Google Workspace	2026-10-01
brack.in	Google Workspace	2026-10-01
brainonfire.net	Fastmail	2026-10-01
brainsworld.com	Microsoft 365	2026-10-01
brandednumber.com	Google Workspace	2026-10-01
brank.io	Google Workspace	2026-10-01
brieffirst.com	Google Workspace	2026-10-01
btizet.pl	Google Workspace	2026-10-01
buffemail.com	Google Workspace	2026-10-01
busume.com	Google Workspace	2026-10-01
buydefender.com	Zoho	2026-10-01
buymotors.online	Microsoft 365	2026-10-01
byakuya.com	Google Workspace	2026-10-01
bymail.info	Google Workspace	2026-10-01
caerwyn.com	Google Workspace	2026-10-01
cai-nationalmuseum.org	Google Workspace	2026-10-01
caminvest.com	Google Workspace	2026-10-01
campano.cl	Google Workspace	2026-10-01
cannoncrew.com	iCloud	2026-10-01
canvaedu.id	Google Workspace	2026-10-01
capcutdv.shop	Google Workspace	2026-10-01
capzy.store	Google Workspace	2026-10-01
carolinarecords.net	Google Workspace	2026-10-01
carver.com	Microsoft 365	2026-10-01
cashadvance.com	Google Workspace	2026-10-01
caspianshop.com	Microsoft 365	2026-10-01
catering.com	Barracuda	2026-10-01
cavi.mx	Google Workspace	2026-10-01
cbjunkie.com	Microsoft 365	2026-10-01
ceed.se	Microsoft 365	2026-10-01
celebritron.app	Google Workspace	2026-10-01
centroone.com	Google Workspace	2026-10-01
cgilogistics.com	Google Workspace	2026-10-01
chatmailboxy.com	Microsoft 365	2026-10-01
cheapjerseys1.co	Google Workspace	2026-10-01
chelo.lat	Google Workspace	2026-10-01
chiara.it	Google Workspace	2026-10-01
childlifeamerica.tech	Google Workspace	2026-10-01
chironglobaltechnologies.com	Google Workspace	2026-10-01
cho.com	Google Workspace	2026-10-01
chodas.com	Microsoft 365	2026-10-01
chookie.com	Microsoft 365	2026-10-01
chuckbrockman.com	Google Workspace	2026-10-01
cia-spa.com	Google Workspace	2026-10-01
civilium.com	Microsoft 365	2026-10-01
classicebook.com	Google Workspace	2026-10-01
clay.xyz	Proton	2026-10-01
clayeastx.com	Microsoft 365	2026-10-01
clearwaterarizona.com	Microsoft 365	2026-10-01
clickanerd.net	Google Workspace	2026-10-01
clintonsparks.com	Google Workspace	2026-10-01
cliqueone.com	Google Workspace	2026-10-01
club.co	Google Workspace	2026-10-01
clzo.com	Google Workspace	2026-10-01
cmail.org	Google Workspace	2026-10-01
cnj.agency	Google Workspace	2026-10-01
coclaims.com	Google Workspace	2026-10-01
codefarm.dev	Google Workspace	2026-10-01
codexs.sbs	Microsoft 365	2026-10-01
codingliteracy.com	Google Workspace	2026-10-01
cojita.com	Google Workspace	2026-10-01
colinrofe.co.uk	Microsoft 365	2026-10-01
colivingbansko.com	Microsoft 365	2026-10-01
consolidate.net	Google Workspace	2026-10-01
contaco.org	Google Workspace	2026-10-01
continental-europe.ru	Google Workspace	2026-10-01
copecbd.com	Microsoft 365	2026-10-01
cordialco.com	Google Workspace	2026-10-01
core-rehab.org	Google Workspace	2026-10-01
cornwallschool.org	Google Workspace	2026-10-01
cosmeticsurgery.com	Google Workspace	2026-10-01
cosmos.com	Microsoft 365	2026-10-01
countrymade.com	Google Workspace	2026-10-01
course.nl	Microsoft 365	2026-10-01
coverification.org	Google Workspace	2026-10-01
crazybeta.com	Google Workspace	2026-10-01
creative-journeys.com	Google Workspace	2026-10-01
crescentadvisory.com	Google Workspace	2026-10-01
crgevents.com	Microsoft 365	2026-10-01
cryptogameshub.com	Google Workspace	2026-10-01
cryptogmail.com	Zoho	2026-10-01
cutekinks.com	Google Workspace	2026-10-01
d4networks.org	Google Workspace	2026-10-01
dailysocialpro.com	Google Workspace	2026-10-01
damonmorey.com	Mimecast	2026-10-01
danamail.com	Microsoft 365	2026-10-01
danmoulson.com	Microsoft 365	2026-10-01
dantevirgil.com	Google Workspace	2026-10-01
datafordinner.com	Google Workspace	2026-10-01
datingx.co	Microsoft 365	2026-10-01
davidkoh.net	Google Workspace	2026-10-01
dbieu.com	Google Workspace	2026-10-01
dbook.pl	Google Workspace	2026-10-01
ddinternational.net	Zoho	2026-10-01
dealnlash.com	Google Workspace	2026-10-01
dealremod.com	Google Workspace	2026-10-01
deals4pet.com	Google Workspace	2026-10-01
dealsbath.com	Google Workspace	2026-10-01
dealsyoga.com	Google Workspace	2026-10-01
debonnehumeur.com	Google Workspace	2026-10-01
deborahosullivan.com	Google Workspace	2026-10-01
decorandhouse.com	Google Workspace	2026-10-01
defomail.com	Microsoft 365	2026-10-01
delawareo.com	Google Workspace	2026-10-01
deliverfreak.com	Microsoft 365	2026-10-01
demandmagic.com	Google Workspace	2026-10-01
dencxvo.com	Google Workspace	2026-10-01
designsource.info	Microsoft 365	2026-10-01
desksonline.com.au	Google Workspace	2026-10-01
detetive.online	iCloud	2026-10-01
devcard.com	Google Workspace	2026-10-01
devo.ventures	Google Workspace	2026-10-01
dhm.ro	Google Workspace	2026-10-01
dian.ge	Zoho	2026-10-01
dick.com	Google Workspace	2026-10-01
digitalsanctuary.com	Google Workspace	2026-10-01
dino.icu	Google Workspace	2026-10-01
dinoschristou.com	Google Workspace	2026-10-01
dispose.it	Google Workspace	2026-10-01
dist.com	Microsoft 365	2026-10-01
dnlien.com	Google Workspace	2026-10-01
dob.jp	Google Workspace	2026-10-01
dogn.com	Microsoft 365	2026-10-01
doitagile.com	Microsoft 365	2026-10-01
dons.com	Google Workspace	2026-10-01
doodooexpress.com	Google Workspace	2026-10-01
dragonfly.africa	Microsoft 365	2026-10-01
drdrb.com	Fastmail	2026-10-01
dreamscape.marketing	Google Workspace	2026-10-01
dreamshare.info	Google Workspace	2026-10-01
dred.ru	Google Workspace	2026-10-01
drop.ekholm.org	Microsoft 365	2026-10-01
droplister.com	Google Workspace	2026-10-01
drsafir.com	Microsoft 365	2026-10-01
drugssquare.com	Google Workspace	2026-10-01
duongtrinh.xyz	Google Workspace	2026-10-01
dvaren.online	Zoho	2026-10-01
dwul.org	Google Workspace	2026-10-01
dylans.email	Zoho	2026-10-01
dziesiec.akika.pl	Microsoft 365	2026-10-01
eamail.com	Microsoft 365	2026-10-01
eastwestpr.com	Microsoft 365	2026-10-01
eatlikeahuman.com	Google Workspace	2026-10-01
eatrnet.com	Zoho	2026-10-01
ecallen.com	Proton	2026-10-01
ecimail.com	Google Workspace	2026-10-01
eclipseye.com	Google Workspace	2026-10-01
eco-88brand.com	Google Workspace	2026-10-01
ecodark.com	Google Workspace	2026-10-01
ecuadorianhands.com	Google Workspace	2026-10-01
edealgolf.com	Google Workspace	2026-10-01
edeals420.com	Google Workspace	2026-10-01
edialdentist.com	Google Workspace	2026-10-01
eee.net	Google Workspace	2026-10-01
efishdeal.com	Google Workspace	2026-10-01
eft.one	Microsoft 365	2026-10-01
ehomeconnect.net	Microsoft 365	2026-10-01
elchato.com	Microsoft 365	2026-10-01
electionwatch.info	Google Workspace	2026-10-01
electronicmail.us	Microsoft 365	2026-10-01
elevatn.net	Google Workspace	2026-10-01
elimam.org	Google Workspace	2026-10-01
elite12.mygbiz.com	Google Workspace	2026-10-01
elmiracap.com	Microsoft 365	2026-10-01
elva.app	Microsoft 365	2026-10-01
emailly.co	Microsoft 365	2026-10-01
emailnode.net	Fastmail	2026-10-01
emailondeck.com	Proton	2026-10-01
emailplay.org	Google Workspace	2026-10-01
emil.com	Google Workspace	2026-10-01
emotionengineering.com	Google Workspace	2026-10-01
energymails.com	Google Workspace	2026-10-01
enmail.com	Google Workspace	2026-10-01
entrens.com	Microsoft 365	2026-10-01
envirophoenix.com	Microsoft 365	2026-10-01
eonmech.com	Microsoft 365	2026-10-01
epicfalls.com	Google Workspace	2026-10-01
eproyecta.com	Google Workspace	2026-10-01
erathlink.net	Google Workspace	2026-10-01
escar.lat	Google Workspace	2026-10-01
eshta.com	Google Workspace	2026-10-01
esm.com	Google Workspace	2026-10-01
esquiresubmissions.com	Google Workspace	2026-10-01
etc.xyz	Fastmail	2026-10-01
etcone.net	Microsoft 365	2026-10-01
etcvenues.com	Google Workspace	2026-10-01
evbholdingsllc.com	Microsoft 365	2026-10-01
evlox.biz	Google Workspace	2026-10-01
evolutiongene.com	Microsoft 365	2026-10-01
exju.com	Google Workspace	2026-10-01
exmail.com	Google Workspace	2026-10-01
extremangola.com	Microsoft 365	2026-10-01
ezstest.com	Google Workspace	2026-10-01
fadilec.com	Microsoft 365	2026-10-01
fangoh.com	Proton	2026-10-01
fardevice.com	Google Workspace	2026-10-01
fasciaklinikerna.se	Google Workspace	2026-10-01
fatfinger.co	Google Workspace	2026-10-01
fatihd.com	Google Workspace	2026-10-01
fboxz.lat	Google Workspace	2026-10-01
fcmi.com	Google Workspace	2026-10-01
febmail.com	Google Workspace	2026-10-01
feifan123.com	Zoho	2026-10-01
fengting01.mygbiz.com	Google Workspace	2026-10-01
fightallspam.com	Google Workspace	2026-10-01
final.com	Google Workspace	2026-10-01
financialmomentum.com	Google Workspace	2026-10-01
finexhouse.com	Google Workspace	2026-10-01
firstin.ca	Google Workspace	2026-10-01
firstmeta.com	Google Workspace	2026-10-01
fishingmobile.org	Google Workspace	2026-10-01
fivemail.de	Google Workspace	2026-10-01
flashdelivery.com	Google Workspace	2026-10-01
foamform.com	Google Workspace	2026-10-01
fodl.net	Google Workspace	2026-10-01
foleyarmory.com	Microsoft 365	2026-10-01
fonte.lat	Google Workspace	2026-10-01
foorama.com	Fastmail	2026-10-01
footmassage.club	Microsoft 365	2026-10-01
fortressfinancial.biz	Microsoft 365	2026-10-01
fortressfinancial.co	Microsoft 365	2026-10-01
fredy.lat	Google Workspace	2026-10-01
freshmail.com	Google Workspace	2026-10-01
frontiers.com	Google Workspace	2026-10-01
frshstudio.com	Microsoft 365	2026-10-01
fun2.biz	Microsoft 365	2026-10-01
furnitureliquidationconsultants.com	Microsoft 365	2026-10-01
fuse-vision.com	Google Workspace	2026-10-01
fusiontalent.com	Google Workspace	2026-10-01
fxnxs.com	Google Workspace	2026-10-01
gabbygiffords.com	Google Workspace	2026-10-01
gaggle.net	Google Workspace	2026-10-01
galco.dev	Microsoft 365	2026-10-01
gallowaybell.com	Microsoft 365	2026-10-01
gally.jp	Google Workspace	2026-10-01
garnous.com	Microsoft 365	2026-10-01
gatamala.com	Microsoft 365	2026-10-01
gayun.lat	Google Workspace	2026-10-01
gbfashions.com	Google Workspace	2026-10-01
gddao.com	Google Workspace	2026-10-01
gennox.com	Proofpoint	2026-10-01
georights.net	Zoho	2026-10-01
getdarkfast.com	Google Workspace	2026-10-01
getphysical.com	Google Workspace	2026-10-01
gettycap.com	Google Workspace	2026-10-01
getupagain.org	Google Workspace	2026-10-01
ggcvc.lat	Google Workspace	2026-10-01
gilby.limited	Google Workspace	2026-10-01
givenchyblackoutlet.us.com	Google Workspace	2026-10-01
glate.org	Google Workspace	2026-10-01
gloria-tours.com	Microsoft 365	2026-10-01
gmail.gr.com	Microsoft 365	2026-10-01
gmailll.tech	iCloud	2026-10-01
gogimail.com	Google Workspace	2026-10-01
goldenllama.us	Google Workspace	2026-10-01
gomez-rosado.com	Google Workspace	2026-10-01
gordonsa.com	Google Workspace	2026-10-01
gorleylalonde.com	Microsoft 365	2026-10-01
great-pump.com	Zoho	2026-10-01
greenbandhu.com	Google Workspace	2026-10-01
gregorheating.co.uk	Microsoft 365	2026-10-01
groklan.com	Google Workspace	2026-10-01
gthw.com	Microsoft 365	2026-10-01
gwenbd94.com	Google Workspace	2026-10-01
haberci.com	Microsoft 365	2026-10-01
hachi.host	iCloud	2026-10-01
haijl.lat	Google Workspace	2026-10-01
halvfet.com	Google Workspace	2026-10-01
handrfabrics.com	Microsoft 365	2026-10-01
hangar18.org	Microsoft 365	2026-10-01
happyhealthyveggie.com	Google Workspace	2026-10-01
hardassetalliance.com	Microsoft 365	2026-10-01
harmony.watch	Google Workspace	2026-10-01
hashicorp.exposed	Google Workspace	2026-10-01
hashicorp.us	Google Workspace	2026-10-01
hatos.lat	Google Workspace	2026-10-01
haveanotion.com	Microsoft 365	2026-10-01
havwatch.com	Google Workspace	2026-10-01
hawdam.com	Google Workspace	2026-10-01
hbastien.com	Google Workspace	2026-10-01
hdrin.com	Zoho	2026-10-01
healsy.life	Google Workspace	2026-10-01
healthandrehabsolutions.com	Google Workspace	2026-10-01
heeneman.group	iCloud	2026-10-01
helia.it	Google Workspace	2026-10-01
hellohuman.dev	Google Workspace	2026-10-01
herdtrak.com	Microsoft 365	2026-10-01
heriy.com	Google Workspace	2026-10-01
herostartup.com	Google Workspace	2026-10-01
hessrohmercpa.com	Mimecast	2026-10-01
hetzez.com	Google Workspace	2026-10-01
hfpd.net	Google Workspace	2026-10-01
hidayahcentre.com	Google Workspace	2026-10-01
hmail.us	Google Workspace	2026-10-01
hobbybeach.com	Zoho	2026-10-01
hoffren.nu	Google Workspace	2026-10-01
hominghen.com	iCloud	2026-10-01
homlee.mygbiz.com	Google Workspace	2026-10-01
hook2ad.com	Google Workspace	2026-10-01
horserecords.net	Google Workspace	2026-10-01
horserecords.org	Google Workspace	2026-10-01
hotmail4.com	Google Workspace	2026-10-01
hotrodsbydean.com	Microsoft 365	2026-10-01
hronopoulos.com	Google Workspace	2026-10-01
hs.vc	Google Workspace	2026-10-01
humancoder.com	Google Workspace	2026-10-01
humble.digital	Google Workspace	2026-10-01
hushline.com	iCloud	2026-10-01
huskysteals.com	Google Workspace	2026-10-01
ibibo.com	Google Workspace	2026-10-01
iblawyermu.com	Microsoft 365	2026-10-01
icon.foundation	Google Workspace	2026-10-01
iconslibrary.com	Google Workspace	2026-10-01
id-ins.com	Microsoft 365	2026-10-01
id.pl	Microsoft 365	2026-10-01
ifavorsprt.com	Microsoft 365	2026-10-01
ifmail.com	Microsoft 365	2026-10-01
ige.es	Google Workspace	2026-10-01
igenservices.com	Zoho	2026-10-01
ihamail.com	Microsoft 365	2026-10-01
ilamseo.com	Microsoft 365	2026-10-01
ildz.com	Google Workspace	2026-10-01
ilove.com	Microsoft 365	2026-10-01
ilumail.com	Google Workspace	2026-10-01
imuasouthwest.com	Microsoft 365	2026-10-01
inbaca.com	Microsoft 365	2026-10-01
incitemail.com	Microsoft 365	2026-10-01
incq.com	Google Workspace	2026-10-01
increasefollower.com	Google Workspace	2026-10-01
indmarsa.com	Google Workspace	2026-10-01
inetlabs.es	iCloud	2026-10-01
infinitycoaching.com	Microsoft 365	2026-10-01
info7.eus	Google Workspace	2026-10-01
infotech.info	Zoho	2026-10-01
inoutmail.info	Google Workspace	2026-10-01
internetreputationconsultant.com	Google Workspace	2026-10-01
interpath.com	Microsoft 365	2026-10-01
invadarecords.com	Google Workspace	2026-10-01
iopmail.com	Google Workspace	2026-10-01
ipimail.com	Google Workspace	2026-10-01
ir4.tech	Google Workspace	2026-10-01
isellnow.com	Google Workspace	2026-10-01
islelakecharles.com	Proofpoint	2026-10-01
itekc.com	Google Workspace	2026-10-01
its-systems.com	Google Workspace	2026-10-01
iyomail.com	iCloud	2026-10-01
jacob.lat	Google Workspace	2026-10-01
jadopado.com	Google Workspace	2026-10-01
javierllaca.com	Google Workspace	2026-10-01
jeden.akika.pl	Microsoft 365	2026-10-01
jeremywood.xyz	Google Workspace	2026-10-01
jimhoyd.com	Google Workspace	2026-10-01
jkmechanical.com	Microsoft 365	2026-10-01
jmjhomeservices.com	Microsoft 365	2026-10-01
jobstoknow.com	Google Workspace	2026-10-01
jonnyboy.com	Google Workspace	2026-10-01
jonotaegi.net	iCloud	2026-10-01
jonotaegi.org	iCloud	2026-10-01
jparaspire.com	Google Workspace	2026-10-01
jpneufeld.com	Google Workspace	2026-10-01
jppa.com	Google Workspace	2026-10-01
junioriot.net	Google Workspace	2026-10-01
junk.googlepedia.me	Fastmail	2026-10-01
juo.com	Google Workspace	2026-10-01
justintrend.com	Microsoft 365	2026-10-01
jwcemail.com	Microsoft 365	2026-10-01
k.schimu.com	Google Workspace	2026-10-01
kakadua.net	Google Workspace	2026-10-01
kannada.com	Google Workspace	2026-10-01
karamelbilisim.com	Google Workspace	2026-10-01
karelklosse.com	Google Workspace	2026-10-01
kavio.org	Google Workspace	2026-10-01
kbellebeauty.com	Google Workspace	2026-10-01
kdrplast.com	Google Workspace	2026-10-01
kebandara.com	Google Workspace	2026-10-01
keeta.lat	Google Workspace	2026-10-01
kelaskonversi.com	Google Workspace	2026-10-01
kemail.uk	Google Workspace	2026-10-01
kennedy808.com	Google Workspace	2026-10-01
keytostay.com	Google Workspace	2026-10-01
kiani.com	iCloud	2026-10-01
kidesign.co.uk	Google Workspace	2026-10-01
kila.app	Google Workspace	2026-10-01
kingzippers.com	Microsoft 365	2026-10-01
kissadulttoys.com	Zoho	2026-10-01
klipp.su	Google Workspace	2026-10-01
koash.com	Google Workspace	2026-10-01
kokocookies.com	Google Workspace	2026-10-01
kopagas.com	Microsoft 365	2026-10-01
kosciuszkofoundation.com	Google Workspace	2026-10-01
kpsc.com	Microsoft 365	2026-10-01
ktds.co.uk	Microsoft 365	2026-10-01
kuaixueapp01.mygbiz.com	Google Workspace	2026-10-01
kylemaguire.com	Microsoft 365	2026-10-01
labo.ch	Google Workspace	2026-10-01
lain.ch	Google Workspace	2026-10-01
lake-capital.com	Microsoft 365	2026-10-01
laserevent.com	Google Workspace	2026-10-01
leadersinevents.com	Microsoft 365	2026-10-01
leapradius.com	Zoho	2026-10-01
lediponto.com	Google Workspace	2026-10-01
ledmask.com	Google Workspace	2026-10-01
lee.mx	Google Workspace	2026-10-01
lfc.best	Fastmail	2026-10-01
lh-properties.co.uk	Google Workspace	2026-10-01
libbywrites.com	Google Workspace	2026-10-01
lifeforceschool.com	Google Workspace	2026-10-01
lifestylemagazine.co	Google Workspace	2026-10-01
lightshopindia.com	Microsoft 365	2026-10-01
linden.com	Microsoft 365	2026-10-01
linkmail.info	Google Workspace	2026-10-01
liss.im	Google Workspace	2026-10-01
livemail.top	Google Workspace	2026-10-01
liwondenationalpark.com	Google Workspace	2026-10-01
ll47.net	Zoho	2026-10-01
llventures.co	Google Workspace	2026-10-01
loaddefender.com	Microsoft 365	2026-10-01
localhomepro.com	Google Workspace	2026-10-01
logiclaser.com	Google Workspace	2026-10-01
logular.com	Google Workspace	2026-10-01
lojas.lat	Google Workspace	2026-10-01
lokka.net	Google Workspace	2026-10-01
lolior.com	Google Workspace	2026-10-01
lorencic.ro	Microsoft 365	2026-10-01
ludi.com	Google Workspace	2026-10-01
lufaf.com	Microsoft 365	2026-10-01
lukaszmitula.pl	Google Workspace	2026-10-01
lukecarriere.com	Google Workspace	2026-10-01
luminu.com	Google Workspace	2026-10-01
luxehomescalgary.ca	Google Workspace	2026-10-01
magpietravel.com	Google Workspace	2026-10-01
magura.shop	Microsoft 365	2026-10-01
mail3x.com	iCloud	2026-10-01
mailboxonline.org	Microsoft 365	2026-10-01
mailhub.pro	Google Workspace	2026-10-01
mailmate.com	Google Workspace	2026-10-01
mailtecom.com	Google Workspace	2026-10-01
mailz.info	Google Workspace	2026-10-01
malibucoding.com	Google Workspace	2026-10-01
maninblacktequila.com	Google Workspace	2026-10-01
manuka.com	Microsoft 365	2026-10-01
manybrain.com	Google Workspace	2026-10-01
marketingagency.net	Google Workspace	2026-10-01
mastergardens.org	Zoho	2026-10-01
masterofwarcraft.net	Google Workspace	2026-10-01
masteryforn.shop	Google Workspace	2026-10-01
maswae.world	Google Workspace	2026-10-01
materialresources.org	Google Workspace	2026-10-01
mathews.com	Google Workspace	2026-10-01
matzan-fried.com	iCloud	2026-10-01
maxup.lat	Google Workspace	2026-10-01
mecs.de	Microsoft 365	2026-10-01
media-one.group	Google Workspace	2026-10-01
megastar.com	Google Workspace	2026-10-01
melindaschenk.com	Google Workspace	2026-10-01
meocon.org	Google Workspace	2026-10-01
mesaj.lat	Google Workspace	2026-10-01
metcoat.com	Microsoft 365	2026-10-01
metroset.net	Microsoft 365	2026-10-01
mflix.lat	Google Workspace	2026-10-01
milenashair.com	Zoho	2026-10-01
millband.com	Google Workspace	2026-10-01
millertavernbay.com	Microsoft 365	2026-10-01
mindyobusiness.com	Google Workspace	2026-10-01
minhanhvpn.com	Zoho	2026-10-01
minutemail.co	Google Workspace	2026-10-01
mirai.lat	Google Workspace	2026-10-01
mirimus.org	Google Workspace	2026-10-01
mirs.com	Google Workspace	2026-10-01
mitobet.com	Google Workspace	2026-10-01
mji.ro	Google Workspace	2026-10-01
mmccproductions.com	Google Workspace	2026-10-01
mmciinc.com	Microsoft 365	2026-10-01
mmkozmetik.com	Microsoft 365	2026-10-01
mmvl.com	Google Workspace	2026-10-01
mnbvc.lat	Google Workspace	2026-10-01
mnode.me	Google Workspace	2026-10-01
mnvl.com	Google Workspace	2026-10-01
moeri.org	Google Workspace	2026-10-01
mon-entrepreneur.com	Microsoft 365	2026-10-01
moondoo.org	Fastmail	2026-10-01
mooshimity.com	Google Workspace	2026-10-01
moot.es	Proton	2026-10-01
mrmail.info	Microsoft 365	2026-10-01
mskhousehunters.com	Google Workspace	2026-10-01
msxd.com	Microsoft 365	2026-10-01
mta.com	Microsoft 365	2026-10-01
mulberry.de	Microsoft 365	2026-10-01
musicbizpro.com	Google Workspace	2026-10-01
mvo.pl	Google Workspace	2026-10-01
mwh.group	Microsoft 365	2026-10-01
mybitti.de	Proton	2026-10-01
mydemo.equipment	Google Workspace	2026-10-01
myfavorite.info	Microsoft 365	2026-10-01
mytarget.info	Google Workspace	2026-10-01
mytemp-mail.com	Zoho	2026-10-01
n1c.info	Microsoft 365	2026-10-01
namkr.com	Google Workspace	2026-10-01
nancypen.com	Google Workspace	2026-10-01
nanos.lat	Google Workspace	2026-10-01
nassryyy78.lat	Microsoft 365	2026-10-01
nationwidedebtconsultants.co.uk	Microsoft 365	2026-10-01
naughtyrevenue.com	Google Workspace	2026-10-01
navsstore.com	Google Workspace	2026-10-01
navura.in	Zoho	2026-10-01
nekomi.net	Google Workspace	2026-10-01
nendo.lat	Google Workspace	2026-10-01
nestspace.co	Google Workspace	2026-10-01
netricity.nl	Microsoft 365	2026-10-01
newroc.info	Google Workspace	2026-10-01
newzgraph.net	Zoho	2026-10-01
nexarisystems.online	Google Workspace	2026-10-01
nextgenadmin.com	Microsoft 365	2026-10-01
ngf1.com	Microsoft 365	2026-10-01
nicton.ru	Google Workspace	2026-10-01
nikkifenton.com	Microsoft 365	2026-10-01
nincsmail.com	Google Workspace	2026-10-01
nincsmail.hu	Google Workspace	2026-10-01
nokorweb.com	Zoho	2026-10-01
northshorelaserclinic.com	Google Workspace	2026-10-01
nostrabirra.com	Google Workspace	2026-10-01
not.legal	iCloud	2026-10-01
notebooki.lv	Microsoft 365	2026-10-01
nothingtoseehere.ca	Microsoft 365	2026-10-01
nuprice.co	Google Workspace	2026-10-01
nxtsports.com	Mimecast	2026-10-01
nyc2way.com	Microsoft 365	2026-10-01
nyumail.com	Zoho	2026-10-01
oakfiling.com	Google Workspace	2026-10-01
obermail.com	Microsoft 365	2026-10-01
obfusko.com	Proton	2026-10-01
oddwayinternational.com	Google Workspace	2026-10-01
ofisa.lat	Google Workspace	2026-10-01
ofvn.com	Google Workspace	2026-10-01
oker.com	Google Workspace	2026-10-01
okzk.com	Google Workspace	2026-10-01
oman.com	Google Workspace	2026-10-01
omca.info	Google Workspace	2026-10-01
omne.com	Mimecast	2026-10-01
onedrive.web.id	Google Workspace	2026-10-01
oneheartusa.com	Microsoft 365	2026-10-01
oneoffemail.com	Microsoft 365	2026-10-01
online-web.site	Google Workspace	2026-10-01
onpointpartners.com	Microsoft 365	2026-10-01
oolk.com	Google Workspace	2026-10-01
orbitforce.com	Google Workspace	2026-10-01
oredaorissa.com	Google Workspace	2026-10-01
ormutual.com	Microsoft 365	2026-10-01
otherinbox.com	Mimecast	2026-10-01
ourhealthministry.com	Google Workspace	2026-10-01
ovvee.com	Google Workspace	2026-10-01
pa9e.com	Google Workspace	2026-10-01
paiindustries.com	Microsoft 365	2026-10-01
palmettospecialtytransfer.com	Google Workspace	2026-10-01
pamelakline.com	Google Workspace	2026-10-01
paradigmplumbing.com	Google Workspace	2026-10-01
parezvan.com	Google Workspace	2026-10-01
parfaitparis.com	Google Workspace	2026-10-01
parkerglobal.com	Microsoft 365	2026-10-01
pawssentials.com	Google Workspace	2026-10-01
pedigon.com	Zoho	2026-10-01
pelung.com	Microsoft 365	2026-10-01
perceptium.com	Microsoft 365	2026-10-01
pesachmeals.com	Google Workspace	2026-10-01
photonmail.com	Google Workspace	2026-10-01
phse.com	Microsoft 365	2026-10-01
piaa.me	Google Workspace	2026-10-01
pintermail.com	Zoho	2026-10-01
pippoc.com	Google Workspace	2026-10-01
pirategy.com	Google Workspace	2026-10-01
pittpenn.com	Google Workspace	2026-10-01
plee.nyc	Google Workspace	2026-10-01
plhk.ru	Proton	2026-10-01
pliego.dev	Google Workspace	2026-10-01
ploki.fr	Proton	2026-10-01
pmcindia.com	Google Workspace	2026-10-01
pmsvs.com	Microsoft 365	2026-10-01
polishusa.com	Google Workspace	2026-10-01
polkarsenal.com	Microsoft 365	2026-10-01
pongpong.org	Google Workspace	2026-10-01
pop.com	Google Workspace	2026-10-01
popbum.com	Google Workspace	2026-10-01
porterbraces.com	Google Workspace	2026-10-01
postupstand.com	Microsoft 365	2026-10-01
powerexsys.com	Zoho	2026-10-01
pranto.me	iCloud	2026-10-01
premierpainandwellness.com	Google Workspace	2026-10-01
primabananen.net	Google Workspace	2026-10-01
privacy.net	Zoho	2026-10-01
projectaus.com	Google Workspace	2026-10-01
promotime.com	Microsoft 365	2026-10-01
promotzy.com	Google Workspace	2026-10-01
prontobet.com	Microsoft 365	2026-10-01
properties.com	Zoho	2026-10-01
ps-nuoriso.com	Google Workspace	2026-10-01
pubb.site	Microsoft 365	2026-10-01
pujanpujari.com	Zoho	2026-10-01
pulsatiletinnitus.com	Google Workspace	2026-10-01
pver.com	Google Workspace	2026-10-01
pwkosz.pl	Google Workspace	2026-10-01
pylondata.com	Google Workspace	2026-10-01
qnb.io	Google Workspace	2026-10-01
quantumeridian.site	Google Workspace	2026-10-01
quickloans.com	Microsoft 365	2026-10-01
quintalaescondida.com	Google Workspace	2026-10-01
qwickmail.com	Google Workspace	2026-10-01
ra3.us	Google Workspace	2026-10-01
rabin.ca	Google Workspace	2026-10-01
raketenmann.de	Google Workspace	2026-10-01
randomplanet.com	iCloud	2026-10-01
reald.lat	Google Workspace	2026-10-01
recipeforfailure.com	Google Workspace	2026-10-01
redring.org	Google Workspace	2026-10-01
reedbusiness.nl	Microsoft 365	2026-10-01
regencyop.com	Microsoft 365	2026-10-01
remarkable.rocks	Google Workspace	2026-10-01
removersllc.com	Microsoft 365	2026-10-01
renegade-hair-studio.com	Google Workspace	2026-10-01
resifi.com	Google Workspace	2026-10-01
ribo.com	Microsoft 365	2026-10-01
richardpauline.com	Google Workspace	2026-10-01
richmondpride.org	Google Workspace	2026-10-01
riverviewcontractors.com	Microsoft 365	2026-10-01
robohobo.com	Google Workspace	2026-10-01
romadoma.com	Zoho	2026-10-01
ronnierage.net	Microsoft 365	2026-10-01
rozpi.com	Google Workspace	2026-10-01
rudox.org	Google Workspace	2026-10-01
ruggedinbox.com	Fastmail	2026-10-01
rumpelkammer.com	Microsoft 365	2026-10-01
runmail.info	Google Workspace	2026-10-01
rxmail.us	Zoho	2026-10-01
ryanb.com	Google Workspace	2026-10-01
sadas.com	Microsoft 365	2026-10-01
sampsonteam.com	Microsoft 365	2026-10-01
sandvpn.com	Microsoft 365	2026-10-01
sangamcentre.org.uk	Microsoft 365	2026-10-01
santoriniflyingdress.com	Google Workspace	2026-10-01
sarahglenn.net	Google Workspace	2026-10-01
saskia.com	Google Workspace	2026-10-01
save-on-energy.org	Microsoft 365	2026-10-01
scay.net	Google Workspace	2026-10-01
sceenic.com	Microsoft 365	2026-10-01
scholarsed.com	Google Workspace	2026-10-01
secureapay.com	Google Workspace	2026-10-01
selectraindustries.com	Microsoft 365	2026-10-01
seo11.mygbiz.com	Google Workspace	2026-10-01
seoblog.com	Google Workspace	2026-10-01
seoimpressions.com	Google Workspace	2026-10-01
seopackagesprice.com	Google Workspace	2026-10-01
seoseoseo.mygbiz.com	Google Workspace	2026-10-01
sfy.com	Microsoft 365	2026-10-01
shadedgreen.com	Google Workspace	2026-10-01
shadowlinepos.com	Zoho	2026-10-01
shejumps.org	Google Workspace	2026-10-01
shelbymattingly.com	Google Workspace	2026-10-01
shide.lat	Google Workspace	2026-10-01
shine49mediahouse.com	Google Workspace	2026-10-01
shining.one	Google Workspace	2026-10-01
shoppingcabinets.com	Microsoft 365	2026-10-01
shoppiny.com	Google Workspace	2026-10-01
showstorm.com	Google Workspace	2026-10-01
sidhutravel.com	Microsoft 365	2026-10-01
silaaccounting.com	Microsoft 365	2026-10-01
silverlinecap.com	Google Workspace	2026-10-01
simmanllc.com	Microsoft 365	2026-10-01
sino.tw	Google Workspace	2026-10-01
skimu.org	Google Workspace	2026-10-01
skoozipasta.com	Microsoft 365	2026-10-01
skycustomhomes.com	Microsoft 365	2026-10-01
sleepary.com	Microsoft 365	2026-10-01
slfence.com	Microsoft 365	2026-10-01
sltmail.com	Microsoft 365	2026-10-01
smartgrid.com	Microsoft 365	2026-10-01
smarttickethub.com	Zoho	2026-10-01
snowsweepusa.com	Google Workspace	2026-10-01
softwarezgroup.com	Google Workspace	2026-10-01
solidseovps.com	Google Workspace	2026-10-01
solto.lat	Google Workspace	2026-10-01
solution-finders.com	Google Workspace	2026-10-01
sonaluma.com	Google Workspace	2026-10-01
soniconsultants.com	Microsoft 365	2026-10-01
southmiamiroofing.com	Microsoft 365	2026-10-01
sozfilmi.com	Google Workspace	2026-10-01
spiab.biz	Google Workspace	2026-10-01
spoty.email	Google Workspace	2026-10-01
squeezeproductions.com	Google Workspace	2026-10-01
ssfaa.com	Microsoft 365	2026-10-01
stalbud2.com.pl	Google Workspace	2026-10-01
stanfordujjain.com	Google Workspace	2026-10-01
starpolyrubber.com	Google Workspace	2026-10-01
starwalker.biz	Google Workspace	2026-10-01
statdvr.com	Microsoft 365	2026-10-01
steffikelly.com	Google Workspace	2026-10-01
stevenbaker.com	Google Workspace	2026-10-01
stgeorgefire.com	Microsoft 365	2026-10-01
storelivez.com	Microsoft 365	2026-10-01
struckmail.com	iCloud	2026-10-01
subaruofplano.com	Microsoft 365	2026-10-01
suksesnet.com	Google Workspace	2026-10-01
suryaelectricals.com	Google Workspace	2026-10-01
suzy.email	Microsoft 365	2026-10-01
synami.com	Microsoft 365	2026-10-01
taagllc.com	Google Workspace	2026-10-01
taiwea.com	Microsoft 365	2026-10-01
tandy.co	Google Workspace	2026-10-01
tanglewoodstudios.com	Google Workspace	2026-10-01
tattoopeace.com	Google Workspace	2026-10-01
taylorventuresllc.com	Microsoft 365	2026-10-01
tayo.ooo	Google Workspace	2026-10-01
tcnmistakes.com	Google Workspace	2026-10-01
teal.dev	Google Workspace	2026-10-01
techdf.com	Microsoft 365	2026-10-01
techgroup.me	Microsoft 365	2026-10-01
tedace.com	Zoho	2026-10-01
teemia.com	Zoho	2026-10-01
teensuccessprograms.com	Google Workspace	2026-10-01
telechargerfacile.com	Google Workspace	2026-10-01
temp-mail.gg	Zoho	2026-10-01
temp.qwertz.me	Google Workspace	2026-10-01
tempatspa.com	Google Workspace	2026-10-01
tempmail.ninja	Google Workspace	2026-10-01
teoia.lat	Google Workspace	2026-10-01
termgame.net	Google Workspace	2026-10-01
testudine.com	Proton	2026-10-01
theartypeople.com	Google Workspace	2026-10-01
theclinicshield.com	Microsoft 365	2026-10-01
thediamants.org	Google Workspace	2026-10-01
theexitgroup.com	Google Workspace	2026-10-01
thehealingstartshere.com	Google Workspace	2026-10-01
thekoots.com	iCloud	2026-10-01
theplug.org	Microsoft 365	2026-10-01
thespawningpool.com	Google Workspace	2026-10-01
thex.ro	Zoho	2026-10-01
thnikka.com	Fastmail	2026-10-01
tic.ec	Zoho	2026-10-01
tijux.com	Zoho	2026-10-01
tillion.com	Microsoft 365	2026-10-01
timcooper.org	Google Workspace	2026-10-01
tinymill.org	Google Workspace	2026-10-01
tkitc.de	Microsoft 365	2026-10-01
tlxhy.lat	Google Workspace	2026-10-01
tmailor.com	Google Workspace	2026-10-01
tmatthew.net	Google Workspace	2026-10-01
tobinproperties.com	Microsoft 365	2026-10-01
togeltotojitu.com	Google Workspace	2026-10-01
token.ro	Google Workspace	2026-10-01
toluna.cyou	Microsoft 365	2026-10-01
topmall.com	Google Workspace	2026-10-01
torgorama.com	Google Workspace	2026-10-01
tormail.org	Fastmail	2026-10-01
tornbanner.com	Google Workspace	2026-10-01
tosunkaya.com	Zoho	2026-10-01
totalpoolservice.com	Google Workspace	2026-10-01
toyamail.com	Google Workspace	2026-10-01
toys.ie	Google Workspace	2026-10-01
tradiez.com	Microsoft 365	2026-10-01
trailervin.com	Microsoft 365	2026-10-01
trakable.com	Microsoft 365	2026-10-01
traveldesk.com	Google Workspace	2026-10-01
traveltagged.com	Google Workspace	2026-10-01
trialforyou.com	Google Workspace	2026-10-01
tshirtsavvy.com	Zoho	2026-10-01
tsobe.com	Google Workspace	2026-10-01
tspace.net	iCloud	2026-10-01
tthk.com	Google Workspace	2026-10-01
tualias.com	Microsoft 365	2026-10-01
tucumcaritonite.com	Google Workspace	2026-10-01
turis.lat	Google Workspace	2026-10-01
turknet.com	Google Workspace	2026-10-01
tweakly.net	Zoho	2026-10-01
txoko.lat	Google Workspace	2026-10-01
uazo.com	Google Workspace	2026-10-01
ubmail.com	Microsoft 365	2026-10-01
ukmail.com	Microsoft 365	2026-10-01
ulemail.com	Google Workspace	2026-10-01
ultimatebusinessservices.com	Microsoft 365	2026-10-01
ultralux.io.vn	Google Workspace	2026-10-01
umrika.com	Google Workspace	2026-10-01
unids.com	Google Workspace	2026-10-01
unitymail.me	Zoho	2026-10-01
unlimit.com	Google Workspace	2026-10-01
uplandscc.com	Microsoft 365	2026-10-01
upmedio.com	Google Workspace	2026-10-01
url.gen.in	Zoho	2026-10-01
usach.com	Microsoft 365	2026-10-01
utesmail.com	Google Workspace	2026-10-01
uu.gl	Google Workspace	2026-10-01
vayme.com	Zoho	2026-10-01
vbvl.com	Google Workspace	2026-10-01
vc.com	iCloud	2026-10-01
velocitronix.online	Google Workspace	2026-10-01
verdejo.com	Zoho	2026-10-01
viaip.online	Google Workspace	2026-10-01
viano.com	Google Workspace	2026-10-01
victoria-alison.com	Google Workspace	2026-10-01
vigi.com	Microsoft 365	2026-10-01
vipg.com	Google Workspace	2026-10-01
virgin-eg.com	Google Workspace	2026-10-01
visalus.com	Microsoft 365	2026-10-01
vivie.club	Google Workspace	2026-10-01
vonderheide.me	Zoho	2026-10-01
vp.com	Proofpoint	2026-10-01
vsooc.com	Zoho	2026-10-01
vtrue.org	Google Workspace	2026-10-01
vyby.com	Google Workspace	2026-10-01
wakka.com	Microsoft 365	2026-10-01
walkritefootclinic.com	Microsoft 365	2026-10-01
wardauto.com	Google Workspace	2026-10-01
waterusa.com	Google Workspace	2026-10-01
wbml.net	Fastmail	2026-10-01
weareallcavemen.com	Google Workspace	2026-10-01
wearewynwood.com	Microsoft 365	2026-10-01
weatheford.com	Microsoft 365	2026-10-01
web20r.com	Google Workspace	2026-10-01
webhook.site	Fastmail	2026-10-01
webmails24.com	Google Workspace	2026-10-01
webmailus.com	Google Workspace	2026-10-01
websiteconcierge.net	Google Workspace	2026-10-01
wecemail.com	Microsoft 365	2026-10-01
wegwerfmail.info	Google Workspace	2026-10-01
weil4feet.com	Microsoft 365	2026-10-01
westtelco.com	Microsoft 365	2026-10-01
whistleapp.com	Google Workspace	2026-10-01
wigolive.com	Zoho	2026-10-01
wins.com.br	Google Workspace	2026-10-01
wip.com	Microsoft 365	2026-10-01
wisepromo.com	Zoho	2026-10-01
wobz.com	Google Workspace	2026-10-01
wto.com	Microsoft 365	2026-10-01
wuzhizheng.mygbiz.com	Google Workspace	2026-10-01
wxnw.net	Zoho	2026-10-01
wzukltd.com	Google Workspace	2026-10-01
x-lab.net	Google Workspace	2026-10-01
x24.com	Zoho	2026-10-01
xcoex.org	Google Workspace	2026-10-01
xcpy.com	Microsoft 365	2026-10-01
xkx.me	Zoho	2026-10-01
xlcsh.icu	Google Workspace	2026-10-01
xn--12-6kce9ag1aw7a8a8b.xn--p1ai	Google Workspace	2026-10-01
xn--bka.net	Google Workspace	2026-10-01
xtemp.lat	Google Workspace	2026-10-01
xwaretech.com	Fastmail	2026-10-01
yadavnaresh.com.np	Zoho	2026-10-01
yasser.ru	Google Workspace	2026-10-01
yedi.org	Microsoft 365	2026-10-01
yep.it	Google Workspace	2026-10-01
yepmail.co	Zoho	2026-10-01
ymyl.com	Google Workspace	2026-10-01
yourcolor.net	Zoho	2026-10-01
yourdomain.com	Google Workspace	2026-10-01
yourlabs.org	Google Workspace	2026-10-01
yui.it	Google Workspace	2026-10-01
yump3.lat	Google Workspace	2026-10-01
yusmpgroup.ru	Google Workspace	2026-10-01
yyds.dev	Microsoft 365	2026-10-01
z0d.eu	Google Workspace	2026-10-01
zaa.org	Microsoft 365	2026-10-01
zaednoschools.org	Google Workspace	2026-10-01
zakkaas.com	Google Workspace	2026-10-01
zapatos.sk	Microsoft 365	2026-10-01
zdebu.lat	Google Workspace	2026-10-01
zebrank.com	Google Workspace	2026-10-01
zenix.lat	Google Workspace	2026-10-01
zexal.io	Zoho	2026-10-01
zmho.com	Google Workspace	2026-10-01
zomail.org	Google Workspace	2026-10-01
ztuu.com	Google Workspace	2026-10-01
zumail.net	Microsoft 365	2026-10-01
zumpul.com	Google Workspace	2026-10-01
